2019 Federal Election Enrolment by State [Event:24310 Phase:FinalResults Generated:2019-07-30T11:10:36 Cycle:02109509-c159-4199-88f6-389818be8a1c Created:2019-07-26T10:57:31 Environment:PROD Site:CANBERRA Server:TALLYROOM Version:10.7.17.56581]
StateAb,StateNm,CloseOfRollsEnrolment,NotebookRollAdditions,NotebookRollDeletions,ReinstatementsPostal,ReinstatementsPrePoll,ReinstatementsAbsent,ReinstatementsProvisional,Enrolment
NSW,New South Wales,5298606,79,4693,13,142,121,200,5294468
VIC,Victoria,4184955,106,1271,11,77,105,93,4184076
QLD,Queensland,3262848,98,887,35,258,217,329,3262898
WA,Western Australia,1645637,36,630,21,346,388,464,1646262
SA,South Australia,1210867,107,512,9,73,121,152,1210817
TAS,Tasmania,386076,13,430,7,25,41,84,385816
ACT,Australian Capital Territory,295933,5,97,0,3,2,1,295847
NT,Northern Territory,139326,9,30,4,17,3,30,139359
