2019 Federal Election Political Parties [Event:24310 Phase:FinalResults Generated:2019-07-30T11:10:36 Cycle:02109509-c159-4199-88f6-389818be8a1c Created:2019-07-26T10:57:31 Environment:PROD Site:CANBERRA Server:TALLYROOM Version:10.7.17.56581]
StateAb,PartyAb,RegisteredPartyAb,PartyNm
NSW,SPP,Sustainable Australia,#Sustainable Australia
NSW,AJP,AJP,Animal Justice Party
NSW,AFN,Australia First Party,Australia First Party (NSW) Incorporated
NSW,AAHP,Affordable Housing Party,Australian Affordable Housing Party
QLD,ABFA,ABF,Australian Better Families
WA,AUC,,Australian Christians
SA,ACP,Conservatives,Australian Conservatives
VIC,CYA,,Australian Country Party
SA,AUD,,Australian Democrats
ACT,GRN,The Greens,Australian Greens
ACT,ALP,Australian Labor Party,Australian Labor Party (ACT Branch)
ACT,ALP,A.L.P.,Australian Labor Party (ALP)
NSW,ALP,Labor,Australian Labor Party (N.S.W. Branch)
NT,ALP,A.L.P.,Australian Labor Party (Northern Territory) Branch
SA,ALP,Australian Labor Party,Australian Labor Party (South Australian Branch)
QLD,ALP,Australian Labor Party,Australian Labor Party (State of Queensland)
TAS,ALP,Australian Labor Party,Australian Labor Party (Tasmanian Branch)
VIC,ALP,Australian Labor Party,Australian Labor Party (Victorian Branch)
WA,ALP,Australian Labor Party,Australian Labor Party (Western Australian Branch)
VIC,APEP,APP,Australian People's Party
NSW,AUP,The Progressives,Australian Progressives
NSW,AWP,AWP,Australian Workers Party
SA,XEN,Centre Alliance,Centre Alliance
SA,CPP,CPP,Child Protection Party
NSW,CDP,Christian Democratic Party,Christian Democratic Party (Fred Nile Group)
VIC,CEC,Citizens Electoral Council,Citizens Electoral Council of Australia
NSW,SOL,,Climate Action! Immigration Action! Accountable Politicians!
NSW,CLR,Country Labor,Country Labor Party
NT,CLP,Country Liberals (NT),Country Liberals (Northern Territory)
VIC,DLP,Labour DLP,Democratic Labour Party
VIC,DHJP,Hinch,Derryn Hinch's Justice Party
QLD,FACN,,FRASER ANNING'S CONSERVATIVE NATIONAL PARTY
VIC,NMP,HAP,Health Australia Party
NSW,HMP,Marijuana (HEMP) Party,Help End Marijuana Prohibition (HEMP) Party
NSW,ICAN,ICAN,Independents For Climate Action Now
NSW,IMO,Involuntary Vaccine/Fluoride Objectors,Involuntary Medication Objectors (Vaccination/Fluoride) Party
TAS,JLN,JLN,Jacqui Lambie Network
QLD,KAP,KAP,Katter's Australian Party (KAP)
NSW,LDP,Liberal Democrats,Liberal Democratic Party
QLD,LNP,LNP,Liberal National Party of Queensland
WA,LP,Liberal,Liberal Party (W.A. Division) Inc
ACT,LP,Liberal,Liberal Party of Australia
SA,LP,Liberal,Liberal Party of Australia (S.A. Division)
VIC,LP,Liberal,Liberal Party of Australia (Victorian Division)
ACT,LP,Liberal,Liberal Party of Australia - ACT Division
TAS,LP,Liberal,Liberal Party of Australia - Tasmanian Division
NSW,LP,Liberal,"Liberal Party of Australia, NSW Division"
QLD,LAOL,LAOL,Love Australia or Leave
ACT,NP,The Nationals,National Party of Australia
SA,NP,National Party,National Party of Australia (S.A.) Inc.
WA,NP,The Nationals,National Party of Australia (WA) Inc
NSW,NP,The Nationals,National Party of Australia - N.S.W.
VIC,NP,The Nationals,National Party of Australia - Victoria
NSW,NCP,,Non-Custodial Parents Party (Equal Parenting)
QLD,ON,,Pauline Hanson's One Nation
NSW,PIR,Pirate Party,Pirate Party Australia
QLD,GRN,The Greens,Queensland Greens
VIC,REAS,Reason Australia,Reason Australia
NSW,RPA,The Australian Republicans,Republican Party of Australia
VIC,RUA,RUA,Rise Up Australia Party
NSW,FUT,,Science Party
VIC,SPA,,Secular Party of Australia
NSW,SUN,SUPA,Seniors United Party of Australia
NSW,ASP,"Shooters, Fishers and Farmers","Shooters, Fishers and Farmers Party"
NSW,SAL,,Socialist Alliance
NSW,SEP,,Socialist Equality Party
NSW,ARTS,TAP,The Arts Party
VIC,GVIC,The Greens (VIC),The Australian Greens - Victoria
WA,AMHP,AMHP,The Australian Mental Health Party
QLD,GAP,GAP,The Great Australian Party
WA,GRN,The Greens (WA),The Greens (WA) Inc
NSW,GRN,The Greens,The Greens NSW
NSW,TSBP,SBP,The Small Business Party
NSW,TTP,Together.,The Together Party
NSW,TWP,,The Women's Party
SA,TSSA,,Tim Storer Independent SA
QLD,UAPP,UAP,United Australia Party
VIC,VNS,,Victorian Socialists
NSW,VEP,VEP,Voluntary Euthanasia Party
NSW,FLUX,Flux,VOTEFLUX.ORG | Upgrade Democracy!
WA,WAP,WESTERN AUSTRALIA PARTY,WESTERN AUSTRALIA PARTY
VIC,ALA,YVA,Yellow Vest Australia
