2019 Federal Election House of Representatives Votes By State [Event:24310 Phase:FinalResults Generated:2019-07-30T11:10:44 Cycle:02109509-c159-4199-88f6-389818be8a1c Created:2019-07-26T10:57:31 Environment:PROD Site:CANBERRA Server:TALLYROOM Version:10.7.17.56581]
StateAb,StateNm,Enrolment,OrdinaryVotes,AbsentVotes,ProvisionalVotes,PrePollVotes,PostalVotes,TotalVotes,TotalPercentage
NSW,New South Wales,5294468,4206944,194182,14490,185304,278467,4879387,92.16
VIC,Victoria,4184076,3135885,161828,11149,184014,382582,3875458,92.62
QLD,Queensland,3262898,2432981,108349,8978,117343,308657,2976308,91.22
WA,Western Australia,1646262,1195932,81012,7341,72931,125233,1482449,90.05
SA,South Australia,1210817,929136,51490,5436,34012,106776,1126850,93.07
TAS,Tasmania,385816,313322,12191,1198,9138,28113,363962,94.34
ACT,Australian Capital Territory,295847,243915,5412,966,11615,13683,275591,93.15
NT,Northern Territory,139359,96251,2218,460,6023,3659,108611,77.94
