2019 Federal Election House of Representatives Informal Votes By State [Event:24310 Phase:FinalResults Generated:2019-07-30T11:10:44 Cycle:02109509-c159-4199-88f6-389818be8a1c Created:2019-07-26T10:57:31 Environment:PROD Site:CANBERRA Server:TALLYROOM Version:10.7.17.56581]
StateAb,StateNm,FormalVotes,InformalVotes,TotalVotes,InformalPercent,InformalSwing
NSW,New South Wales,4537336,342051,4879387,7.01,0.84
VIC,Victoria,3695032,180426,3875458,4.66,-0.11
QLD,Queensland,2829018,147290,2976308,4.95,0.25
WA,Western Australia,1401874,80575,1482449,5.44,1.45
SA,South Australia,1072648,54202,1126850,4.81,0.63
TAS,Tasmania,347992,15970,363962,4.39,0.41
ACT,Australian Capital Territory,265975,9616,275591,3.49,0.73
NT,Northern Territory,103518,5093,108611,4.69,-2.66
