2019 Federal Election House of Representatives Candidates [Event:24310 Phase:FinalResults Generated:2019-07-30T11:10:44 Cycle:02109509-c159-4199-88f6-389818be8a1c Created:2019-07-26T10:57:31 Environment:PROD Site:CANBERRA Server:TALLYROOM Version:10.7.17.56581]
StateAb,DivisionID,DivisionNm,PartyAb,PartyNm,CandidateID,Surname,GivenNm,Elected,HistoricElected
WA,243,O'Connor,AUC,Australian Christians,33328,'t HART,Ian,N,N
QLD,175,Petrie,ON,Pauline Hanson's One Nation,32556,AAI REDDY,Nikhil,N,N
NSW,151,Warringah,LP,Liberal,33138,ABBOTT,Tony,N,Y
NSW,125,Hume,UAPP,United Australia Party,32774,ABDO,Lynda,N,N
NSW,146,Robertson,IND,Independent,33573,ABRAHAMS,David Fraser,N,N
VIC,207,Corangamite,AJP,Animal Justice Party,32718,ADAMS,Naomi,N,N
NSW,108,Bradfield,GRN,The Greens,32639,ADAMS,Tony,N,N
WA,247,Swan,FACN,FRASER ANNING'S CONSERVATIVE NATIONAL PARTY,32699,ADDINK,Carmel,N,N
QLD,164,Groom,FACN,FRASER ANNING'S CONSERVATIVE NATIONAL PARTY,33313,ADRELIUS,Perry,N,N
VIC,201,Bruce,UAPP,United Australia Party,32368,AHMED,Mubahil,N,N
NSW,121,Grayndler,ALP,Labor,32691,ALBANESE,Anthony,Y,Y
VIC,232,Scullin,IND,Independent,33616,ALBARRI,Yassin Akram,N,N
NSW,105,Bennelong,LP,Liberal,33140,ALEXANDER,John,Y,Y
TAS,193,Braddon,FACN,FRASER ANNING'S CONSERVATIVE NATIONAL PARTY,33556,ALLAN,Shane,N,N
VIC,215,Higgins,LP,Liberal,33232,ALLEN,Katie,Y,N
WA,237,Cowan,ALP,Australian Labor Party,33348,ALY,Anne,Y,Y
QLD,168,Leichhardt,IND,Independent,32496,ANDERSON,Chad,N,N
QLD,155,Bowman,FACN,FRASER ANNING'S CONSERVATIVE NATIONAL PARTY,33137,ANDERSON,David,N,N
QLD,171,McPherson,LNP,Liberal National Party of Queensland,33194,ANDREWS,Karen,Y,Y
VIC,229,Menzies,LP,Liberal,33179,ANDREWS,Kevin,Y,Y
QLD,176,Rankin,FACN,FRASER ANNING'S CONSERVATIVE NATIONAL PARTY,33153,ANDREWS,Peter James,N,N
NSW,126,Hunter,NP,The Nationals,32439,ANGUS,Josh,N,N
TAS,192,Bass,LP,Liberal,32124,ARCHER,Bridget,Y,N
VIC,322,Macnamara,SPP,Sustainable Australia,32991,ARMSTRONG,Steven,N,N
VIC,205,Chisholm,GVIC,The Greens (VIC),32403,ARTHUR,Luke,N,N
QLD,168,Leichhardt,FACN,FRASER ANNING'S CONSERVATIVE NATIONAL PARTY,33212,ASHBY,Jo,N,N
VIC,322,Macnamara,LP,Liberal,33295,ASHMOR,Kate,N,N
NSW,107,Blaxland,UAPP,United Australia Party,32806,ASHRAF,Nadeem,N,N
NSW,122,Greenway,GRN,The Greens,32747,ATKINS,Damien,N,N
NSW,114,Cunningham,LP,Liberal,33210,ATLEE,Chris,N,N
QLD,252,Dickson,UAPP,United Australia Party,32879,AUSTIN,Steve,N,N
QLD,160,Fairfax,IND,Independent,32079,AUSTRALIE,Sinim,N,N
NSW,139,Parkes,ALP,Labor,32602,AYOUB,Jack,N,N
SA,180,Barker,UAPP,United Australia Party,33050,BACHER,Bert,N,N
VIC,321,Fraser,LP,Liberal,33274,BAIN,Peter,N,N
VIC,223,La Trobe,ON,Pauline Hanson's One Nation,32811,BAKER,Esther,N,N
QLD,311,Flynn,GRN,The Greens,33192,BAKER,Jaiben,N,N
VIC,223,La Trobe,RUA,Rise Up Australia Party,33261,BAKER,Norman,N,N
VIC,215,Higgins,GVIC,The Greens (VIC),32579,BALL,Jason,N,N
QLD,157,Capricornia,GRN,The Greens,33146,BAMBRICK,Paul,N,N
VIC,228,Melbourne,GVIC,The Greens (VIC),32423,BANDT,Adam,Y,Y
QLD,177,Ryan,FACN,FRASER ANNING'S CONSERVATIVE NATIONAL PARTY,33327,BANKS,Andrew,N,N
VIC,211,Flinders,IND,Independent,32272,BANKS,Julia,N,Y
QLD,159,Fadden,FACN,FRASER ANNING'S CONSERVATIVE NATIONAL PARTY,33236,BARBER,Allan,N,N
VIC,226,McEwen,GVIC,The Greens (VIC),32426,BARKER,Neil,N,N
VIC,204,Casey,AJP,Animal Justice Party,32674,BARKER,Travis,N,N
NSW,151,Warringah,AJP,Animal Justice Party,33214,BARNES,Heather,N,N
NSW,145,Richmond,IMO,Involuntary Medication Objectors (Vaccination/Fluoride) Party,33639,BARNETT,Tom,N,N
QLD,156,Brisbane,GRN,The Greens,33144,BARTLETT,Andrew,N,N
QLD,155,Bowman,ALP,Australian Labor Party,32752,BASTER,Tom,N,N
QLD,174,Oxley,LNP,Liberal National Party of Queensland,33460,BAUER,Russell,N,N
NSW,250,Riverina,GRN,The Greens,32633,BAYLES,Michael,N,N
NSW,128,Lindsay,ALP,Labor,32732,BEAMER,Diane,N,N
WA,247,Swan,ALP,Australian Labor Party,33388,BEAZLEY,Hannah,N,N
WA,237,Cowan,ASP,"Shooters, Fishers and Farmers",32875,BEDFORD,Paul James,N,N
QLD,311,Flynn,ALP,Australian Labor Party,32942,BEERS,Zac,N,N
QLD,160,Fairfax,SPP,Sustainable Australia,32614,BELCHER,Richard,N,N
VIC,320,Cooper,LP,Liberal,33349,BELL,Andrew,N,N
QLD,172,Moncrieff,LNP,Liberal National Party of Queensland,33208,BELL,Angie,Y,N
QLD,310,Bonner,GRN,The Greens,33117,BELL,Barbara,N,N
QLD,304,Blair,ON,Pauline Hanson's One Nation,32501,BELL,Sharon,N,N
QLD,172,Moncrieff,ALP,Australian Labor Party,32894,BELL,Tracey,N,N
QLD,169,Lilley,ON,Pauline Hanson's One Nation,32726,BELL-HENSELIN,Tracey,N,N
VIC,212,Gellibrand,UAPP,United Australia Party,32274,BENTLEY,Lisa Maree,N,N
QLD,167,Kennedy,UAPP,United Australia Party,32892,BERTUCH,Sue,N,N
NSW,128,Lindsay,GRN,The Greens,32675,BEST,Nick,N,N
QLD,167,Kennedy,LNP,Liberal National Party of Queensland,33340,BEVERIDGE,Frank,N,N
VIC,211,Flinders,IND,Independent,32757,BEVERIDGE,Susie,N,N
VIC,217,Hotham,SPP,Sustainable Australia,32989,BILIC,Dennis,N,N
VIC,233,Wannon,ALP,Australian Labor Party,32358,BILLI,Maurice,N,N
VIC,309,Gorton,IND,Independent,32084,BINGHAM,Jarrod,N,N
NSW,114,Cunningham,ALP,Labor,32636,BIRD,Sharon,Y,Y
QLD,157,Capricornia,KAP,Katter's Australian Party (KAP),32617,BIRKBECK,George,N,N
NSW,109,Calare,LDP,Liberal Democrats,32787,BISGROVE,Stephen,N,N
QLD,165,Herbert,GRN,The Greens,33252,BLACKADDER,Sam,N,N
NSW,151,Warringah,CDP,Christian Democratic Party (Fred Nile Group),33508,BLAIKLOCK,Jason,N,N
VIC,228,Melbourne,IND,Independent,33341,BLAKE,Dave,N,N
NSW,135,New England,IND,Independent,32444,BLAKESTER,Adam,N,N
NSW,119,Fowler,LP,Liberal,33321,BLEWITT,Wayne,N,N
NSW,152,Wentworth,UAPP,United Australia Party,32794,BLOOMFIELD,Michael John,N,N
WA,244,Pearce,NP,The Nationals,32940,BLYTH,Steve,N,N
VIC,324,Nicholls,IND,Independent,33132,BOCK,Andrew,N,N
NSW,126,Hunter,SEP,Socialist Equality Party,32563,BODDY,Max,N,N
ACT,101,Canberra,IND,Independent,32830,BOHM,Tim,N,N
NSW,112,Cook,CDP,Christian Democratic Party (Fred Nile Group),33523,BOLLING,Roger,N,N
SA,183,Grey,ALP,Australian Labor Party,33438,BOLTON,Karin,N,N
VIC,234,Wills,VNS,Victorian Socialists,32398,BOLTON,Sue,N,N
NSW,126,Hunter,ON,Pauline Hanson's One Nation,32415,BONDS,Stuart,N,N
WA,239,Forrest,GRN,The Greens (WA),32153,BOSHAMMER,Nerilee,N,N
WA,248,Tangney,ALP,Australian Labor Party,33395,BOSWELL,Marion,N,N
SA,190,Sturt,GRN,The Greens,32821,BOUNDY,Paul,N,N
NSW,130,Lyne,UAPP,United Australia Party,33358,BOURKE,Garry,N,N
SA,188,Mayo,GRN,The Greens,33080,BOURNE,Anne,N,N
SA,325,Spence,LP,Liberal,33081,BOURNE,Kathleen,N,N
WA,312,Durack,NP,The Nationals,32959,BOURNE,Scott,N,N
NSW,315,McMahon,ALP,Labor,32867,BOWEN,Chris,Y,Y
QLD,162,Forde,ON,Pauline Hanson's One Nation,32549,BOWRON,Ian,N,N
WA,245,Perth,WAP,WESTERN AUSTRALIA PARTY,33497,BOXALL,Jane,N,N
VIC,201,Bruce,FACN,FRASER ANNING'S CONSERVATIVE NATIONAL PARTY,33596,BOYANTON,Tim,N,N
ACT,102,Fenner,GRN,The Greens,32406,BRADDOCK,Andrew,N,N
NSW,140,Parramatta,GRN,The Greens,32642,BRADLEY,Phil,N,N
TAS,193,Braddon,IND,Independent,32094,BRAKEY,Craig,N,N
NSW,146,Robertson,AJP,Animal Justice Party,33122,BREMNER YOUNG,Sean,N,N
VIC,213,Gippsland,UAPP,United Australia Party,32343,BREWER,Kerri Jane,N,N
VIC,204,Casey,ALP,Australian Labor Party,32318,BRINDLE,Bill,N,N
QLD,310,Bonner,ALP,Australian Labor Party,32760,BRISKEY,Jo,N,N
VIC,323,Monash,LP,Liberal,33175,BROADBENT,Russell,Y,Y
SA,183,Grey,XEN,Centre Alliance,33094,BROADFOOT,Andrea,N,N
QLD,252,Dickson,AJP,Animal Justice Party,32190,BROHMAN,Maureen,N,N
NSW,136,Newcastle,AJP,Animal Justice Party,33222,BROLLO,Darren,N,N
WA,239,Forrest,UAPP,United Australia Party,32505,BROMLEY,Dale Geoffrey,N,N
NSW,128,Lindsay,SPP,Sustainable Australia,32710,BROWN,Geoff,N,N
QLD,173,Moreton,UAPP,United Australia Party,32911,BROWN,Jenny-Rebecca,N,N
NSW,124,Hughes,IND,Independent,33413,BRYAN,Matt,N,N
QLD,178,Wide Bay,GRN,The Greens,33127,BRYAR,Daniel,N,N
QLD,316,Wright,LNP,Liberal National Party of Queensland,33376,BUCHHOLZ,Scott,Y,Y
VIC,213,Gippsland,IND,Independent,33567,BUCKLEY,Sonia,N,N
VIC,200,Bendigo,RUA,Rise Up Australia Party,33371,BUDDE,Sharon,N,N
QLD,158,Dawson,KAP,Katter's Australian Party (KAP),32852,BUNYAN,Brendan,N,N
NSW,251,Watson,ALP,Labor,32705,BURKE,Tony,Y,Y
QLD,167,Kennedy,GRN,The Greens,33298,BURNESS,Lyle,N,N
NSW,104,Barton,ALP,Labor,32681,BURNEY,Linda,Y,Y
VIC,322,Macnamara,ALP,Australian Labor Party,32360,BURNS,Josh,Y,N
VIC,221,Kooyong,GVIC,The Greens (VIC),32575,BURNSIDE,Julian,N,N
NSW,249,Paterson,UAPP,United Australia Party,32800,BURSTON,Graham,N,N
QLD,161,Fisher,GRN,The Greens,33150,BURTON,Tracy,N,N
WA,244,Pearce,IND,Independent,32118,BUTLAND,Colin,N,N
VIC,226,McEwen,DHJP,Derryn Hinch's Justice Party,33545,BUTLER,Deb,N,N
SA,185,Hindmarsh,ALP,Australian Labor Party,33108,BUTLER,Mark,Y,N
QLD,163,Griffith,ALP,Australian Labor Party,32753,BUTLER,Terri,Y,Y
NSW,128,Lindsay,UAPP,United Australia Party,32837,BUTTEL,Christopher,N,N
VIC,218,Indi,NP,The Nationals,32589,BYATT,Mark,N,N
VIC,216,Holt,ALP,Australian Labor Party,32370,BYRNE,Anthony,Y,Y
VIC,203,Calwell,SEP,Socialist Equality Party,32283,BYRNE,Peter,N,N
QLD,166,Hinkler,AJP,Animal Justice Party,32214,BYRNES,Amy,N,N
QLD,160,Fairfax,LDP,Liberal Democrats,33493,CADART,Bertrand,N,N
VIC,204,Casey,RUA,Rise Up Australia Party,33270,CALABRO,Antony,N,N
WA,244,Pearce,WAP,WESTERN AUSTRALIA PARTY,33377,CALAUTTI,Michael,N,N
VIC,223,La Trobe,DHJP,Derryn Hinch's Justice Party,33186,CALWELL-BROWNE,Asher Joseph,N,N
NSW,140,Parramatta,LP,Liberal,33310,CAMENZULI,Charles,N,N
NSW,109,Calare,UAPP,United Australia Party,32850,CAMERON,Beverley T.,N,N
NSW,112,Cook,ON,Pauline Hanson's One Nation,32401,CAMERON,Gaye,N,N
NSW,127,Kingsford Smith,SPP,Sustainable Australia,32771,CAMPBELL,Petra,N,N
NSW,148,Shortland,GRN,The Greens,32594,CAMPBELL,Wylie,N,N
SA,188,Mayo,UAPP,United Australia Party,33089,CANE,Michael,N,N
NSW,121,Grayndler,CDP,Christian Democratic Party (Fred Nile Group),33499,CAO,Gui Dong,N,N
SA,183,Grey,IND,Independent,32089,CARMODY,Richard,N,N
QLD,169,Lilley,LNP,Liberal National Party of Queensland,33292,CARSWELL,Brad,N,N
WA,235,Brand,ON,Pauline Hanson's One Nation,33474,CARTER,Travis,N,N
NSW,130,Lyne,AWP,Australian Workers Party,32139,CARUANA,Ed,N,N
NSW,121,Grayndler,GRN,The Greens,32596,CASEY,Jim,N,N
VIC,214,Goldstein,IND,Independent,32133,CASLEY,John Tiger,N,N
ACT,102,Fenner,LP,Liberal,32861,CASTLEY,Leanne,N,N
QLD,176,Rankin,ALP,Australian Labor Party,32795,CHALMERS,Jim,Y,Y
NSW,125,Hume,ALP,Labor,32685,CHAMPION,Aoife,N,N
SA,183,Grey,GRN,The Greens,33093,CHAMPION,Candace,N,N
SA,325,Spence,ALP,Australian Labor Party,33074,CHAMPION,Nick,Y,Y
VIC,221,Kooyong,IND,Independent,32157,CHANDLER,Bill,N,N
QLD,163,Griffith,GRN,The Greens,33167,CHANDLER-MATHER,Max,N,N
WA,247,Swan,ON,Pauline Hanson's One Nation,33469,CHANG,Tshung-Hui,N,N
VIC,204,Casey,IND,Independent,28237,CHARLETON,Peter,N,N
NSW,146,Robertson,ALP,Labor,32725,CHARLTON,Anne,N,N
VIC,321,Fraser,UAPP,United Australia Party,32282,CHAU,Vinh Van,N,N
WA,317,Burt,UAPP,United Australia Party,32526,CHAWLA,Sahil,N,N
WA,247,Swan,AFN,Australia First Party,32624,CHEHOFF,Michael,N,N
NSW,109,Calare,CDP,Christian Democratic Party (Fred Nile Group),33476,CHEN,Shuyi,N,N
SA,182,Boothby,FACN,FRASER ANNING'S CONSERVATIVE NATIONAL PARTY,33530,CHEOK,Adrian David,N,N
VIC,213,Gippsland,NP,The Nationals,32371,CHESTER,Darren,Y,Y
NSW,137,North Sydney,IND,Independent,33347,CHESTERFIELD-EVANS,Arthur,N,N
VIC,200,Bendigo,ALP,Australian Labor Party,32333,CHESTERS,Lisa,Y,Y
NSW,111,Chifley,LP,Liberal,33181,CHETTIPALLY,Livingston,N,N
VIC,203,Calwell,UAPP,United Australia Party,32389,CHHABRA,Prakul,N,N
QLD,170,Maranoa,GRN,The Greens,33118,CHIDLEY,Emmeline,N,N
WA,242,Moore,UAPP,United Australia Party,32535,CHILCOTT,Rod,N,N
QLD,158,Dawson,LNP,Liberal National Party of Queensland,33299,CHRISTENSEN,George,Y,Y
QLD,170,Maranoa,FACN,FRASER ANNING'S CONSERVATIVE NATIONAL PARTY,33442,CHRISTIANSEN,Darren Lee,N,N
ACT,318,Bean,IND,Independent,32130,CHRISTIE,Jamie,N,N
SA,182,Boothby,ALP,Australian Labor Party,33069,CLANCY,Nadia,N,N
NSW,151,Warringah,FACN,FRASER ANNING'S CONSERVATIVE NATIONAL PARTY,33588,CLARE,Brian,N,N
NSW,107,Blaxland,ALP,Labor,32645,CLARE,Jason,Y,Y
VIC,204,Casey,DHJP,Derryn Hinch's Justice Party,33235,CLARK,Ryan Leslie,N,N
NSW,106,Berowra,FUT,Science Party,32420,CLARKE,Brendan Michael,N,N
WA,236,Canning,WAP,WESTERN AUSTRALIA PARTY,33370,CLARKE,Brett,N,N
QLD,155,Bowman,UAPP,United Australia Party,32870,CLARKE,Shane,N,N
NSW,136,Newcastle,ALP,Labor,32723,CLAYDON,Sharon,Y,Y
ACT,318,Bean,LP,Liberal,33397,COCKS,Ed,N,N
VIC,207,Corangamite,ALP,Australian Labor Party,32298,COKER,Libby,Y,N
VIC,207,Corangamite,IND,Independent,33555,COLE,Damien,N,N
NSW,103,Banks,LP,Liberal,33334,COLEMAN,David,Y,Y
QLD,169,Lilley,FACN,FRASER ANNING'S CONSERVATIVE NATIONAL PARTY,33306,COLES,Don,N,N
NSW,135,New England,CDP,Christian Democratic Party (Fred Nile Group),33489,COLLINS,Julie,N,N
TAS,195,Franklin,ALP,Australian Labor Party,32284,COLLINS,Julie,Y,Y
WA,317,Burt,GRN,The Greens (WA),32165,COLLINS,Simone,N,N
SA,187,Makin,UAPP,United Australia Party,33105,COLLIS,Rachel,N,N
NSW,315,McMahon,ON,Pauline Hanson's One Nation,32441,COMMANE,Damian,N,N
NSW,113,Cowper,NP,The Nationals,32446,CONAGHAN,Pat,Y,N
WA,246,Stirling,LP,Liberal,33591,CONNELLY,Vince,Y,N
VIC,214,Goldstein,UAPP,United Australia Party,32334,CONNOLLY,Wayne,N,N
NSW,146,Robertson,GRN,The Greens,32670,CONNOR,Cath,N,N
NSW,148,Shortland,ALP,Labor,32635,CONROY,Pat,Y,Y
NSW,124,Hughes,AJP,Animal Justice Party,33125,CONSTABLE,Gae,N,N
VIC,197,Aston,GVIC,The Greens (VIC),32408,COOKSON,Asher,N,N
TAS,192,Bass,NP,The Nationals,32399,COOPER,Carl,N,N
WA,237,Cowan,GRN,The Greens (WA),32239,COOPER,Mark,N,N
QLD,177,Ryan,ALP,Australian Labor Party,32874,COSSAR,Peter,N,N
NSW,130,Lyne,ALP,Labor,33352,COSTA,Phil,N,N
VIC,209,Deakin,AJP,Animal Justice Party,32694,COSTANTINO,Vinita,N,N
QLD,176,Rankin,GRN,The Greens,33216,COTTER,Neil,N,N
NSW,139,Parkes,NP,The Nationals,32473,COULTON,Mark,Y,Y
QLD,160,Fairfax,UAPP,United Australia Party,32918,COWLING,Kylie Natasha,N,N
NSW,145,Richmond,CDP,Christian Democratic Party (Fred Nile Group),33495,COX,Morgan,N,N
QLD,252,Dickson,GRN,The Greens,33217,COYNE,Benedict,N,N
VIC,198,Ballarat,UAPP,United Australia Party,32278,COZYN,Peter,N,N
WA,247,Swan,GRN,The Greens (WA),32451,CRAMER,Liberty,N,N
VIC,228,Melbourne,ALP,Australian Labor Party,32303,CREASEY,Luke,N,N
QLD,162,Forde,UAPP,United Australia Party,32943,CREIGHTON,Paul,N,N
VIC,210,Dunkley,LP,Liberal,33404,CREWTHER,Chris,N,Y
QLD,169,Lilley,SAL,Socialist Alliance,33300,CROOK,Mike,N,N
NSW,144,Reid,ALP,Labor,32708,CROSBY,Sam,N,N
QLD,177,Ryan,UAPP,United Australia Party,32962,CROUCH,Larry Edward,N,N
QLD,171,McPherson,LDP,Liberal Democrats,33515,CROWE,Scott,N,N
NSW,127,Kingsford Smith,GRN,The Greens,32599,CRUZ,James,N,N
NSW,150,Whitlam,UAPP,United Australia Party,32784,CUDA,Angelo,N,N
WA,246,Stirling,GRN,The Greens (WA),32163,CULLITY,Judith,N,N
SA,186,Kingston,LP,Liberal,33101,CURRAN,Laura,N,N
VIC,219,Isaacs,AJP,Animal Justice Party,32668,CURRIE,Bronwyn,N,N
VIC,223,La Trobe,ALP,Australian Labor Party,32290,CURTIS,Simon,N,N
VIC,221,Kooyong,UAPP,United Australia Party,32355,D'ELIA,Steven,N,N
WA,305,Hasluck,UAPP,United Australia Party,32648,DALE,Mike,N,N
NSW,132,Mackellar,SPP,Sustainable Australia,32775,DALY,Suzanne,N,N
TAS,195,Franklin,GRN,The Greens,32465,DARKO,Kit,N,N
QLD,163,Griffith,ON,Pauline Hanson's One Nation,32554,DARLINGTON,Julie,N,N
SA,187,Makin,LP,Liberal,33103,DAVE,Hemant,N,N
WA,245,Perth,FUT,Science Party,33550,DAVIES,Gary,N,N
NSW,126,Hunter,UAPP,United Australia Party,32813,DAVIES,Paul,N,N
QLD,176,Rankin,LDP,Liberal Democrats,33557,DAVIES,Ric,N,N
NSW,249,Paterson,GRN,The Greens,32573,DAVIS,Jan,N,N
ACT,318,Bean,GRN,The Greens,32405,DAVIS,Johnathan,N,N
NSW,150,Whitlam,SPP,Sustainable Australia,32560,DAVIS,Ken,N,N
NSW,251,Watson,GRN,The Greens,33379,de BHALDRAITHE,Emmet,N,N
ACT,101,Canberra,UAPP,United Australia Party,32260,DE MAINE,Greg,N,N
VIC,223,La Trobe,UAPP,United Australia Party,32311,DEAN,Duncan,N,N
NSW,138,Page,ALP,Labor,32902,DEEGAN,Patrick,N,N
QLD,302,Longman,GRN,The Greens,33345,DEJUN,Simone,N,N
VIC,222,Lalor,GVIC,The Greens (VIC),32828,DESSI,Jay,N,N
WA,317,Burt,ON,Pauline Hanson's One Nation,33524,DEVINCENTIS,Nicole,N,N
VIC,309,Gorton,LP,Liberal,33308,DI NOIA,Nathan,N,N
QLD,174,Oxley,ALP,Australian Labor Party,32964,DICK,Milton,Y,Y
NSW,150,Whitlam,GRN,The Greens,32595,DIXON,Jamie,N,N
VIC,205,Chisholm,IND,Independent,33549,DOBBY,Ian,N,N
VIC,321,Fraser,GAP,The Great Australian Party,33461,DOBRAN,Tony,N,N
NSW,112,Cook,GRN,The Greens,32621,DOIG,Jon,N,N
ACT,318,Bean,LDP,Liberal Democrats,32921,DONNELLY,Matt,N,N
VIC,205,Chisholm,RUA,Rise Up Australia Party,33333,DORIAN,Angela Mary,N,N
VIC,217,Hotham,RUA,Rise Up Australia Party,33255,DORIAN,Peter,N,N
SA,188,Mayo,AJP,Animal Justice Party,33446,DOWLAND,Helen,N,N
QLD,165,Herbert,UAPP,United Australia Party,32858,DOWLING,Greg,N,N
SA,188,Mayo,LP,Liberal,33087,DOWNER,Georgina,N,N
NSW,118,Farrer,ALP,Labor,32914,DRABSCH,Kieran,N,N
NSW,103,Banks,GRN,The Greens,32640,DRAGONE,Gianluca,N,N
NSW,152,Wentworth,IND,Independent,32097,DRAKE-BROCKMAN,Matthew,N,N
VIC,211,Flinders,IND,Independent,32140,DREGER,Harry,N,N
VIC,219,Isaacs,ALP,Australian Labor Party,32312,DREYFUS,Mark,Y,Y
VIC,324,Nicholls,NP,The Nationals,32417,DRUM,Damian,Y,Y
NSW,135,New England,UAPP,United Australia Party,32823,DUNCAN,Cindy Anne,N,N
QLD,304,Blair,GRN,The Greens,33264,DUNCAN,Michelle,N,N
QLD,165,Herbert,FACN,FRASER ANNING'S CONSERVATIVE NATIONAL PARTY,33303,DURANT,Tamara,N,N
QLD,252,Dickson,LNP,Liberal National Party of Queensland,33273,DUTTON,Peter,Y,Y
VIC,233,Wannon,IND,Independent,33601,DYSON,Alex,N,N
QLD,159,Fadden,ON,Pauline Hanson's One Nation,32546,EATHER,Darren,N,N
SA,180,Barker,AJP,Animal Justice Party,33437,ECKERMANN,Karen,N,N
WA,238,Curtin,ON,Pauline Hanson's One Nation,33453,EDGAR,Bill,N,N
SA,183,Grey,AJP,Animal Justice Party,33337,EDGECOMBE,Jacqui,N,N
NSW,113,Cowper,GRN,The Greens,33233,EDWARDS,Lauren,N,N
QLD,172,Moncrieff,UAPP,United Australia Party,32948,EILOLA,Garry Paul,N,N
NSW,145,Richmond,ALP,Labor,32727,ELLIOT,Justine,Y,Y
NSW,118,Farrer,LDP,Liberal Democrats,32908,ELLIS,Mark,N,N
QLD,166,Hinkler,UAPP,United Australia Party,32912,ELLUL,Joseph Kevin,N,N
QLD,156,Brisbane,SAL,Socialist Alliance,33224,EMANUEL,Kamala,N,N
QLD,168,Leichhardt,LNP,Liberal National Party of Queensland,33177,ENTSCH,Warren,Y,Y
QLD,166,Hinkler,FACN,FRASER ANNING'S CONSERVATIVE NATIONAL PARTY,33145,ERSKINE,Aaron,N,N
VIC,207,Corangamite,RUA,Rise Up Australia Party,33304,ERSKINE,Ian,N,N
QLD,160,Fairfax,GRN,The Greens,33198,ETHERIDGE,Sue,N,N
QLD,156,Brisbane,LNP,Liberal National Party of Queensland,33206,EVANS,Trevor,Y,Y
QLD,168,Leichhardt,ALP,Australian Labor Party,32820,FAITH,Elida,N,N
NSW,132,Mackellar,LP,Liberal,33346,FALINSKI,Jason,Y,Y
SA,185,Hindmarsh,GRN,The Greens,33107,FARRELL,Matt,N,N
ACT,318,Bean,AUP,Australian Progressives,33426,FAULKNER,Therese,N,N
NSW,122,Greenway,UAPP,United Australia Party,32840,FEENEY,Scott Daniel,N,N
WA,243,O'Connor,UAPP,United Australia Party,32503,FELS,Anthony James,N,N
QLD,174,Oxley,UAPP,United Australia Party,32968,FERGUSON,Ian Maurice,N,N
WA,248,Tangney,UAPP,United Australia Party,32907,FERNANDEZ,Chris,N,N
SA,325,Spence,UAPP,United Australia Party,33086,FIEDLER,Ron,N,N
VIC,224,Mallee,FUT,Science Party,33654,FIRMAN,Leigh,N,N
NSW,126,Hunter,ALP,Labor,32627,FITZGIBBON,Joel,Y,Y
QLD,304,Blair,FACN,FRASER ANNING'S CONSERVATIVE NATIONAL PARTY,33363,FITZPATRICK,Peter John,N,N
NSW,114,Cunningham,NCP,Non-Custodial Parents Party (Equal Parenting),32234,FLANAGAN,John,N,N
NSW,108,Bradfield,LP,Liberal,33227,FLETCHER,Paul,Y,Y
SA,182,Boothby,LP,Liberal,33109,FLINT,Nicolle,Y,Y
QLD,310,Bonner,UAPP,United Australia Party,32887,FLITCROFT,Simon E F,N,N
NSW,250,Riverina,UAPP,United Australia Party,32829,FOLEY,Richard,N,N
VIC,208,Corio,GVIC,The Greens (VIC),32741,FORBES,Amber,N,N
WA,244,Pearce,UAPP,United Australia Party,32656,FORSTER,Rob,N,N
VIC,213,Gippsland,GVIC,The Greens (VIC),32571,FOSKEY,Deb,N,N
QLD,175,Petrie,FACN,FRASER ANNING'S CONSERVATIVE NATIONAL PARTY,33172,FOWLER,Neville John,N,N
VIC,323,Monash,IND,Independent,32137,FOZARD,Michael Stewart,N,N
QLD,252,Dickson,ALP,Australian Labor Party,32949,FRANCE,Ali,N,N
NSW,315,McMahon,CDP,Christian Democratic Party (Fred Nile Group),33519,FRANCIS,Zeeshan Philip,N,N
NSW,145,Richmond,NP,The Nationals,32443,FRASER,Matthew,N,N
NT,307,Solomon,IND,Independent,33617,FRASER-ADAMS,Sue,N,N
NSW,131,Macarthur,ALP,Labor,32654,FREELANDER,Mike,Y,Y
WA,235,Brand,GRN,The Greens (WA),32156,FREEMAN,Jody,N,N
QLD,172,Moncrieff,AJP,Animal Justice Party,32231,FREEMAN,Karla,N,N
VIC,324,Nicholls,GVIC,The Greens (VIC),32536,FREEMAN,Nickee,N,N
VIC,221,Kooyong,LP,Liberal,33123,FRYDENBERG,Josh,Y,Y
SA,190,Sturt,AUP,Australian Progressives,32899,FULCO,Angela,N,N
VIC,229,Menzies,UAPP,United Australia Party,32385,FULLER,Brett Stephen,N,N
VIC,226,McEwen,LP,Liberal,33559,FUSCO,Phillip,N,N
NSW,136,Newcastle,GAP,The Great Australian Party,33564,FUTTER,B.J.,N,N
QLD,171,McPherson,FACN,FRASER ANNING'S CONSERVATIVE NATIONAL PARTY,33131,GAFFY,Sean Gordon,N,N
NSW,106,Berowra,IND,Independent,17744,GALLAGHER,Mick,N,N
TAS,193,Braddon,ON,Pauline Hanson's One Nation,32440,GALLAHER,Graham,N,N
NSW,103,Banks,ALP,Labor,32664,GAMBIAN,Chris,N,N
VIC,204,Casey,GVIC,The Greens (VIC),32404,GAME-LOPATA,Jenny,N,N
NT,307,Solomon,CLP,Country Liberals (NT),33053,GANLEY,Kathy,N,N
VIC,201,Bruce,GVIC,The Greens (VIC),32409,GARAD,Rhonda,N,N
SA,187,Makin,AJP,Animal Justice Party,33385,GASTON,Lyn,N,N
VIC,200,Bendigo,LP,Liberal,33422,GAYED,Sam,N,N
NSW,109,Calare,NP,The Nationals,32494,GEE,Andrew,Y,Y
NSW,131,Macarthur,CDP,Christian Democratic Party (Fred Nile Group),33507,GENT,James,N,N
VIC,210,Dunkley,RUA,Rise Up Australia Party,33339,GENTLE,Yvonne,N,N
SA,179,Adelaide,ALP,Australian Labor Party,33019,GEORGANAS,Steve,Y,Y
SA,188,Mayo,ALP,Australian Labor Party,33084,GERHARDY,Saskia,N,N
VIC,232,Scullin,ALP,Australian Labor Party,32323,GILES,Andrew,Y,Y
NSW,114,Cunningham,SPP,Sustainable Australia,32550,GILL,John,N,N
NSW,130,Lyne,NP,The Nationals,33342,GILLESPIE,David,Y,Y
WA,243,O'Connor,GRN,The Greens (WA),32146,GILMOUR,Nelson Blake,N,N
NT,307,Solomon,RUA,Rise Up Australia Party,33016,GIMINI,Lorraine,N,N
QLD,316,Wright,GRN,The Greens,33260,GIRARD,Shannon,N,N
SA,180,Barker,XEN,Centre Alliance,33036,GLADIGAU,Kelly,N,N
NSW,151,Warringah,GRN,The Greens,32564,GLANVILLE,Kristyn,N,N
NSW,130,Lyne,FACN,FRASER ANNING'S CONSERVATIVE NATIONAL PARTY,33582,GOLDSPRING,Ryan Frederick,N,N
NSW,106,Berowra,ALP,Labor,32652,GOMPERTZ,Katie,N,N
VIC,217,Hotham,GVIC,The Greens (VIC),32414,GONSALVEZ,Jess,N,N
WA,317,Burt,LP,Liberal,33512,GOODE,David,N,N
WA,242,Moore,LP,Liberal,33452,GOODENOUGH,Ian,Y,Y
WA,245,Perth,ALP,Australian Labor Party,33510,GORMAN,Patrick,Y,Y
NT,307,Solomon,ALP,Australian Labor Party (Northern Territory) Branch,32743,GOSLING,Luke John,Y,Y
WA,312,Durack,ON,Pauline Hanson's One Nation,33531,GOULD,Grahame,N,N
VIC,198,Ballarat,IND,Independent,33575,GRAHAM,Alex,N,N
NSW,137,North Sydney,SPP,Sustainable Australia,32665,GRAHAM,Greg,N,N
VIC,226,McEwen,ON,Pauline Hanson's One Nation,33374,GRAHAM,Ronnie,N,N
QLD,161,Fisher,UAPP,United Australia Party,32898,GRAY,Trevor David,N,N
WA,245,Perth,LP,Liberal,33526,GRAYDEN,Jim,N,N
NSW,122,Greenway,LP,Liberal,33184,GREEN,Allan,N,N
NSW,113,Cowper,IND,Independent,32366,GREEN,Allan,N,N
VIC,210,Dunkley,GVIC,The Greens (VIC),32789,GREEN,Emily,N,N
NSW,111,Chifley,CDP,Christian Democratic Party (Fred Nile Group),33498,GREEN,Josh,N,N
WA,245,Perth,FLUX,VOTEFLUX.ORG | Upgrade Democracy!,33539,GREENING,Curtis,N,N
VIC,223,La Trobe,GVIC,The Greens (VIC),32655,GREGOROVICH,Amy,N,N
NSW,140,Parramatta,SEP,Socialist Equality Party,32557,GRENFELL,Oscar,N,N
VIC,207,Corangamite,DHJP,Derryn Hinch's Justice Party,33275,GRIMLEY,Mandy,N,N
VIC,224,Mallee,FACN,FRASER ANNING'S CONSERVATIVE NATIONAL PARTY,32224,GROSVENOR,Rick,N,N
NSW,115,Dobell,CDP,Christian Democratic Party (Fred Nile Group),33525,GRUNDY,Paula,N,N
QLD,172,Moncrieff,LDP,Liberal Democrats,33511,GRYPHON,S,N,N
NSW,107,Blaxland,LP,Liberal,33320,GUNEY,Oz,N,N
QLD,167,Kennedy,FACN,FRASER ANNING'S CONSERVATIVE NATIONAL PARTY,33241,HACKWELL,Ian Douglas,N,N
VIC,218,Indi,IND,Independent,32086,HAINES,Helen,Y,N
NSW,134,Mitchell,CDP,Christian Democratic Party (Fred Nile Group),33543,HALL,Craig L,N,N
TAS,192,Bass,GRN,The Greens,32540,HALL,Tom,N,N
SA,185,Hindmarsh,LP,Liberal,33110,HALL-EVANS,Jake,N,N
QLD,252,Dickson,ON,Pauline Hanson's One Nation,32547,HALLIWELL,Carrol,N,N
VIC,203,Calwell,LP,Liberal,33191,HAMILTON,Genevieve,N,N
NSW,118,Farrer,SPP,Sustainable Australia,32917,HAMILTON,Ross,N,N
NSW,149,Sydney,FUT,Science Party,32650,HAMMOND,Aaron,N,N
WA,238,Curtin,LP,Liberal,33444,HAMMOND,Celia,Y,N
ACT,318,Bean,UAPP,United Australia Party,32261,HANLEY,Tony,N,N
NT,306,Lingiari,GRN,The Greens,33034,HANNA,George,N,N
SA,180,Barker,NP,National Party,32271,HANNEMANN,Miles,N,N
SA,190,Sturt,UAPP,United Australia Party,33095,HARDING,Hedley,N,N
QLD,162,Forde,ALP,Australian Labor Party,32906,HARDMAN,Des,N,N
NSW,125,Hume,FACN,FRASER ANNING'S CONSERVATIVE NATIONAL PARTY,33570,HARGRAVES,Tanya,N,N
NSW,115,Dobell,UAPP,United Australia Party,32822,HARPLEY-CARR,Aaron Gregory,N,N
NSW,151,Warringah,ALP,Labor,32607,HARRIS,Dean,N,N
QLD,311,Flynn,UAPP,United Australia Party,32925,HARRIS,Nathan David,N,N
NSW,117,Eden-Monaro,CDP,Christian Democratic Party (Fred Nile Group),33535,HARRIS,Thomas,N,N
VIC,224,Mallee,ALP,Australian Labor Party,32277,HART,Carole,N,N
TAS,192,Bass,ALP,Australian Labor Party,32327,HART,Ross,N,Y
VIC,207,Corangamite,UAPP,United Australia Party,32328,HARVEY,Neil,N,N
VIC,232,Scullin,UAPP,United Australia Party,32356,HASAN,Firas,N,N
VIC,225,Maribyrnong,UAPP,United Australia Party,32310,HASAN,MD Sarwar,N,N
QLD,158,Dawson,ALP,Australian Labor Party,32865,HASSAN,Belinda,N,N
WA,243,O'Connor,NP,The Nationals,32956,HASSELL,John,N,N
WA,236,Canning,LP,Liberal,33386,HASTIE,Andrew,Y,Y
WA,312,Durack,UAPP,United Australia Party,32525,HATTON,Brenden,N,N
NSW,108,Bradfield,ALP,Labor,32658,HAVILAND,Chris,N,N
TAS,195,Franklin,FACN,FRASER ANNING'S CONSERVATIVE NATIONAL PARTY,33600,HAWES,Darren John,N,N
NSW,134,Mitchell,LP,Liberal,33288,HAWKE,Alex,Y,Y
WA,247,Swan,WAP,WESTERN AUSTRALIA PARTY,33335,HAWKINS ZEEB,Sharron,N,N
NSW,119,Fowler,ALP,Labor,32853,HAYES,Chris,Y,Y
VIC,226,McEwen,UAPP,United Australia Party,32411,HAYMAN,Chris,N,N
QLD,174,Oxley,SEP,Socialist Equality Party,32931,HEAD,Mike,N,N
VIC,219,Isaacs,LP,Liberal,33297,HEARN,Jeremy,N,N
WA,236,Canning,FACN,FRASER ANNING'S CONSERVATIVE NATIONAL PARTY,32486,HEFFERNAN,Malcolm Phillip,N,N
NSW,121,Grayndler,LP,Liberal,33114,HENDERSON,Derek,N,N
VIC,207,Corangamite,LP,Liberal,33318,HENDERSON,Sarah,N,Y
QLD,160,Fairfax,ON,Pauline Hanson's One Nation,32513,HENSELIN,Paul,N,N
SA,325,Spence,IND,Independent,32315,HERBERT,Nathan,N,N
VIC,324,Nicholls,IND,Independent,33403,HICKS,Nigel,N,N
QLD,311,Flynn,FACN,FRASER ANNING'S CONSERVATIVE NATIONAL PARTY,33272,HIESLER,Marcus John,N,N
VIC,201,Bruce,ALP,Australian Labor Party,32342,HILL,Julian,Y,Y
SA,180,Barker,GRN,The Greens,33029,HILLAM,Rosa,N,N
VIC,198,Ballarat,AJP,Animal Justice Party,33209,HILLS,Bryn,N,N
VIC,324,Nicholls,UAPP,United Australia Party,32351,HINE,Stewart John,N,N
VIC,221,Kooyong,AJP,Animal Justice Party,32671,HINKLEY,Davina,N,N
NSW,103,Banks,CDP,Christian Democratic Party (Fred Nile Group),33538,HO,Ki Man,N,N
VIC,322,Macnamara,GVIC,The Greens (VIC),32447,HODGINS-MAY,Steph,N,N
NSW,120,Gilmore,NP,The Nationals,32437,HODGKINSON,Katrina,N,N
NT,306,Lingiari,UAPP,United Australia Party,32734,HODGSON,Daniel Isaac,N,N
ACT,102,Fenner,UAPP,United Australia Party,32270,HODGSON,Glen J,N,N
NSW,138,Page,NP,The Nationals,32528,HOGAN,Kevin,Y,Y
NSW,117,Eden-Monaro,IND,Independent,33513,HOLGATE,James,N,N
VIC,200,Bendigo,GVIC,The Greens (VIC),32413,HOLIAN,Robert,N,N
ACT,101,Canberra,GRN,The Greens,32402,HOLLO,Tim,N,N
VIC,213,Gippsland,ALP,Australian Labor Party,32289,HOLM,Antoinette,N,N
NSW,149,Sydney,UAPP,United Australia Party,32782,HOLT,Adam,N,N
WA,245,Perth,UAPP,United Australia Party,32641,HOPKINS,Chas,N,N
QLD,175,Petrie,UAPP,United Australia Party,32932,HOPKINS,Troy,N,N
NSW,134,Mitchell,UAPP,United Australia Party,32814,HOPPENBROUWER,Roy Peter,N,N
VIC,323,Monash,GVIC,The Greens (VIC),32729,HORNSTRA,William,N,N
WA,248,Tangney,IND,Independent,32737,HORTON,Jillian,N,N
SA,186,Kingston,UAPP,United Australia Party,33104,HOSKIN,Jodie Anne,N,N
VIC,200,Bendigo,FACN,FRASER ANNING'S CONSERVATIVE NATIONAL PARTY,33608,HOSKIN,Julie,N,N
WA,246,Stirling,AUC,Australian Christians,32464,HOST,Kevin,N,N
WA,242,Moore,AUC,Australian Christians,32520,HOST,Rex,N,N
VIC,214,Goldstein,SPP,Sustainable Australia,32983,HOULT,Brandon James,N,N
QLD,175,Petrie,LNP,Liberal National Party of Queensland,33381,HOWARTH,Luke,Y,Y
VIC,217,Hotham,LP,Liberal,33281,HUA,George,N,N
VIC,229,Menzies,GVIC,The Greens (VIC),32638,HUMPHREYS,Robert,N,N
VIC,211,Flinders,LP,Liberal,33195,HUNT,Greg,Y,Y
NSW,111,Chifley,ALP,Labor,32680,HUSIC,Ed,Y,Y
TAS,196,Lyons,NP,The Nationals,32421,HUTCHINSON,Deanna,N,N
WA,240,Fremantle,GRN,The Greens (WA),32170,HUTCHINSON,Jesse,N,N
WA,246,Stirling,UAPP,United Australia Party,32598,HUTTON,Dorothy,N,N
QLD,166,Hinkler,ON,Pauline Hanson's One Nation,32613,HUXHAM,Damian,N,N
NSW,114,Cunningham,GRN,The Greens,32581,HUXTABLE,Rowan,N,N
VIC,226,McEwen,IND,Independent,33293,HYNDMAN,Robert James,N,N
QLD,162,Forde,FACN,FRASER ANNING'S CONSERVATIVE NATIONAL PARTY,33124,INNES,Les,N,N
WA,247,Swan,LP,Liberal,33425,IRONS,Steve,Y,Y
NSW,119,Fowler,UAPP,United Australia Party,32900,JABBOUR,Joshua,N,N
QLD,166,Hinkler,GRN,The Greens,32953,JACKSON,Anne,N,N
WA,242,Moore,WAP,WESTERN AUSTRALIA PARTY,33432,JACOBS,Jen,N,N
NSW,144,Reid,GRN,The Greens,32619,JAGO,Charles,N,N
VIC,222,Lalor,AFN,Australia First Party,32250,JAKOBI,Susan,N,N
SA,179,Adelaide,AUD,Australian Democrats,33037,JAMES,Chris,N,N
VIC,210,Dunkley,FACN,FRASER ANNING'S CONSERVATIVE NATIONAL PARTY,33612,JAMES,Christopher Ronald,N,N
WA,239,Forrest,ON,Pauline Hanson's One Nation,33463,JAMIESON,Kalven Wayne,N,N
VIC,209,Deakin,IND,Independent,33558,JANSON,Vickie,N,N
NSW,127,Kingsford Smith,FUT,Science Party,32672,JANSSON,James,N,N
VIC,210,Dunkley,UAPP,United Australia Party,32393,JEAN,Ron,N,N
QLD,156,Brisbane,FACN,FRASER ANNING'S CONSERVATIVE NATIONAL PARTY,33326,JEANNERET,Rod,N,N
NSW,250,Riverina,ALP,Labor,32649,JEFFRESON,Mark,N,N
VIC,205,Chisholm,DLP,Labour DLP,33205,JENKINS,Philip,N,N
NSW,109,Calare,ALP,Labor,32711,JENNINGS,Jess,N,N
QLD,178,Wide Bay,IND,Independent,32076,JEROME,Tim,N,N
QLD,161,Fisher,FACN,FRASER ANNING'S CONSERVATIVE NATIONAL PARTY,33290,JESSOP,Mike,N,N
VIC,210,Dunkley,AJP,Animal Justice Party,32842,JOHNSTON,Elizabeth,N,N
NSW,139,Parkes,LDP,Liberal Democrats,32686,JONES,Daniel J,N,N
NSW,150,Whitlam,ALP,Labor,32632,JONES,Stephen,Y,Y
WA,235,Brand,UAPP,United Australia Party,32529,JONES,Trevor,N,N
SA,182,Boothby,IND,Independent,33586,JONES,Trevor,N,N
NSW,249,Paterson,LP,Liberal,33207,JOSHI,Sachin,N,N
NSW,135,New England,NP,The Nationals,32476,JOYCE,Barnaby,Y,Y
QLD,163,Griffith,UAPP,United Australia Party,32909,JULIUS,Christian John,N,N
SA,325,Spence,GRN,The Greens,33063,JURY,Daniel,N,N
QLD,171,McPherson,IND,Independent,33466,KAFF,Michael,N,N
NSW,152,Wentworth,GRN,The Greens,32677,KANAK,Dominic Wy,N,N
SA,179,Adelaide,AJP,Animal Justice Party,33271,KANGAS,Deanna,N,N
NSW,145,Richmond,IND,Independent,33647,KARAM,Ray,N,N
QLD,304,Blair,IND,Independent,33402,KARANDREWS,Simone,N,N
QLD,167,Kennedy,KAP,Katter's Australian Party (KAP),32587,KATTER,Bob,Y,Y
VIC,322,Macnamara,RUA,Rise Up Australia Party,33336,KAY,Christine,N,N
QLD,164,Groom,ALP,Australian Labor Party,32750,KAY,Troy,N,N
VIC,320,Cooper,ALP,Australian Labor Party,32339,KEARNEY,Ged,Y,Y
TAS,193,Braddon,ALP,Australian Labor Party,32386,KEAY,Justine,N,Y
NSW,124,Hughes,UAPP,United Australia Party,32863,KEEP,Terrance,N,N
NSW,133,Macquarie,AJP,Animal Justice Party,33139,KEIGHTLEY,Greg,N,N
VIC,229,Menzies,DLP,Labour DLP,32345,KELLEHER,Teresa Mary,N,N
NSW,124,Hughes,LP,Liberal,33229,KELLY,Craig,Y,Y
NSW,117,Eden-Monaro,ALP,Labor,32831,KELLY,Mike,Y,Y
NSW,112,Cook,FACN,FRASER ANNING'S CONSERVATIVE NATIONAL PARTY,33540,KELLY,Peter,N,N
SA,185,Hindmarsh,AJP,Animal Justice Party,33323,KELTY,Alison,N,N
VIC,197,Aston,DLP,Labour DLP,32321,KENNEDY,Anna,N,N
QLD,175,Petrie,GRN,The Greens,33325,KENNEDY,Jason,N,N
VIC,220,Jagajaga,GVIC,The Greens (VIC),32600,KENNEDY,Paul,N,N
NSW,137,North Sydney,GRN,The Greens,32660,KEOGH,Daniel,N,N
WA,317,Burt,ALP,Australian Labor Party,33506,KEOGH,Matt,Y,Y
VIC,218,Indi,ALP,Australian Labor Party,32364,KERR,Eric,N,N
VIC,203,Calwell,CEC,Citizens Electoral Council,32400,KERR,Keith,N,N
VIC,234,Wills,ALP,Australian Labor Party,32350,KHALIL,Peter,Y,Y
NSW,111,Chifley,IND,Independent,24190,KHAN,Ammar Aziz,N,N
VIC,234,Wills,LP,Liberal,33251,KILLIN,Peter,N,N
VIC,198,Ballarat,ALP,Australian Labor Party,32326,KING,Catherine,Y,Y
QLD,164,Groom,ON,Pauline Hanson's One Nation,32702,KING,David,N,N
WA,235,Brand,ALP,Australian Labor Party,33394,KING,Madeleine,Y,Y
NSW,121,Grayndler,UAPP,United Australia Party,32799,KING-ORSBORN,Paris,N,N
WA,238,Curtin,AUC,Australian Christians,32470,KINGSFORD,Deonne,N,N
NSW,125,Hume,IND,Independent,33560,KINGSTON,Huw Mostyn,N,N
VIC,224,Mallee,IND,Independent,32744,KINGSTON,Ray,N,N
WA,247,Swan,AUC,Australian Christians,32678,KLOMP,Steve,N,N
WA,240,Fremantle,WAP,WESTERN AUSTRALIA PARTY,33407,KNAPP,Janetia,N,N
ACT,101,Canberra,AUP,Australian Progressives,32927,KNIGHT,Robert John,N,N
NSW,120,Gilmore,CDP,Christian Democratic Party (Fred Nile Group),33484,KOLUKULAPALLY,Serah,N,N
NSW,117,Eden-Monaro,LP,Liberal,33136,KOTVOJS,Fiona,N,N
QLD,159,Fadden,UAPP,United Australia Party,32891,KRISCHKER,Mara,N,N
SA,325,Spence,AJP,Animal Justice Party,33548,KUHLMANN,Rita,N,N
VIC,224,Mallee,CEC,Citizens Electoral Council,32273,LAHY,Chris,N,N
QLD,302,Longman,ALP,Australian Labor Party,32860,LAMB,Susan,N,Y
TAS,192,Bass,IND,Independent,33590,LAMBERT,Todd,N,N
QLD,155,Bowman,LNP,Liberal National Party of Queensland,33256,LAMING,Andrew,Y,Y
NSW,139,Parkes,IND,Independent,33561,LANDERS,Will,N,N
QLD,157,Capricornia,LNP,Liberal National Party of Queensland,33201,LANDRY,Michelle,Y,Y
NSW,135,New England,ALP,Labor,32643,LANGENBERG,Yvonne,N,N
NSW,118,Farrer,CDP,Christian Democratic Party (Fred Nile Group),33480,LANGFIELD,Philip,N,N
SA,190,Sturt,IND,Independent,32458,LARCOMBE,Nick,N,N
QLD,316,Wright,IND,Independent,32114,LARKIN,Innes,N,N
VIC,320,Cooper,VNS,Victorian Socialists,32382,LARKIN,Kath,N,N
VIC,205,Chisholm,AJP,Animal Justice Party,32689,LAVIN,Rosemary,N,N
QLD,164,Groom,UAPP,United Australia Party,32922,LAW,Kenneth Ian,N,N
QLD,173,Moreton,ON,Pauline Hanson's One Nation,32551,LAWRENCE,William,N,N
QLD,158,Dawson,ON,Pauline Hanson's One Nation,32534,LAWSON,Debra,N,N
NSW,144,Reid,AJP,Animal Justice Party,33244,LAXMANALAL,Rohan,N,N
WA,237,Cowan,AUC,Australian Christians,32778,LEBRASSE,Andre,N,N
NSW,135,New England,IND,Independent,33409,LEDGER,Natasha,N,N
NSW,119,Fowler,GRN,The Greens,32646,LEE,Seamus,N,N
NSW,144,Reid,UAPP,United Australia Party,32857,LEE,Young,N,N
NSW,128,Lindsay,FACN,FRASER ANNING'S CONSERVATIVE NATIONAL PARTY,33355,LEES,Brandon,N,N
NSW,106,Berowra,LP,Liberal,33171,LEESER,Julian,Y,Y
ACT,102,Fenner,ALP,Australian Labor Party,32258,LEIGH,Andrew,Y,Y
NSW,120,Gilmore,UAPP,United Australia Party,32851,LESLIGHT,Milton,N,N
VIC,211,Flinders,GVIC,The Greens (VIC),32608,LESSLIE,Nathan,N,N
WA,240,Fremantle,UAPP,United Australia Party,32532,LEVER,Fatima,N,N
WA,238,Curtin,UAPP,United Australia Party,32580,LEVER,Joan Anne,N,N
NSW,132,Mackellar,CDP,Christian Democratic Party (Fred Nile Group),33527,LEVETT,Greg,N,N
NSW,138,Page,IND,Independent,32252,LEVINY,Fiona,N,N
NSW,118,Farrer,LP,Liberal,33253,LEY,Sussan,Y,Y
QLD,174,Oxley,ON,Pauline Hanson's One Nation,32844,LINDBOM,Janet,N,N
QLD,158,Dawson,GRN,The Greens,33250,LINDENBERG,Imogen,N,N
QLD,170,Maranoa,ALP,Australian Labor Party,32836,LITTLE,Linda,N,N
QLD,170,Maranoa,LNP,Liberal National Party of Queensland,33189,LITTLEPROUD,David,Y,Y
NSW,104,Barton,UAPP,United Australia Party,32855,LIU,Ben Tung,N,N
VIC,205,Chisholm,LP,Liberal,33350,LIU,Gladys,Y,N
NSW,133,Macquarie,GRN,The Greens,32698,LIU,Kingsley,N,N
NSW,124,Hughes,CDP,Christian Democratic Party (Fred Nile Group),33534,LIU,Leo-Ning,N,N
VIC,324,Nicholls,ALP,Australian Labor Party,32309,LODWICK,Bill,N,N
QLD,165,Herbert,ON,Pauline Hanson's One Nation,32569,LOHSE,Amy,N,N
QLD,311,Flynn,ON,Pauline Hanson's One Nation,32555,LOHSE,Sharon,N,N
NSW,140,Parramatta,UAPP,United Australia Party,32871,LOKE,Ganesh Sahadev,N,N
NSW,135,New England,GRN,The Greens,32567,LONERGAN,Tony,N,N
QLD,172,Moncrieff,FACN,FRASER ANNING'S CONSERVATIVE NATIONAL PARTY,33141,LONG,Darren Alan,N,N
WA,245,Perth,ON,Pauline Hanson's One Nation,33537,LOWNDS,Mel,N,N
VIC,217,Hotham,UAPP,United Australia Party,32341,LUAN,Jin,N,N
NSW,109,Calare,GRN,The Greens,32591,LUKE,Stephanie,N,N
NSW,132,Mackellar,UAPP,United Australia Party,32869,LYON,David,N,N
NSW,145,Richmond,GRN,The Greens,32663,LYON,Michael,N,N
QLD,168,Leichhardt,ON,Pauline Hanson's One Nation,32568,MACDONALD,Ross,N,N
NT,306,Lingiari,IND,Independent,33028,MacFARLANE,Hamish,N,N
VIC,201,Bruce,LP,Liberal,33276,MacISAAC,John,N,N
NSW,118,Farrer,IND,Independent,32845,MACK,Kevin Francis,N,N
QLD,171,McPherson,UAPP,United Australia Party,32924,MacKENZIE,Fiona Kay,N,N
NSW,136,Newcastle,GRN,The Greens,32709,MACKENZIE,John,N,N
QLD,302,Longman,UAPP,United Australia Party,32919,MAHER,Bailey James,N,N
WA,312,Durack,GRN,The Greens (WA),32187,MAMID,Johani,N,N
WA,238,Curtin,WAP,WESTERN AUSTRALIA PARTY,33420,MANGANO,Andrew,N,N
NSW,127,Kingsford Smith,CDP,Christian Democratic Party (Fred Nile Group),33517,MANSON,Adrian,N,N
WA,239,Forrest,LP,Liberal,33415,MARINO,Nola,Y,Y
WA,246,Stirling,ALP,Australian Labor Party,33578,MARKEY,Melita,N,N
TAS,319,Clark,LP,Liberal,32117,MARKHAM,Amanda-Sue,N,N
NSW,105,Bennelong,UAPP,United Australia Party,32805,MARKS,Andrew,N,N
NSW,146,Robertson,UAPP,United Australia Party,32797,MARKS,Robert James,N,N
VIC,208,Corio,ALP,Australian Labor Party,32395,MARLES,Richard,Y,Y
WA,239,Forrest,IND,Independent,32160,MARSDEN,Alexander,N,N
WA,244,Pearce,GRN,The Greens (WA),32257,MARSHALL,Eugene,N,N
NSW,144,Reid,LP,Liberal,33332,MARTIN,Fiona,Y,N
WA,305,Hasluck,ALP,Australian Labor Party,33372,MARTIN,James,N,N
VIC,218,Indi,LP,Liberal,33174,MARTIN,Steve,N,N
QLD,310,Bonner,FACN,FRASER ANNING'S CONSERVATIVE NATIONAL PARTY,33203,MAYNARD,Alex,N,N
VIC,198,Ballarat,GVIC,The Greens (VIC),32396,McALOON,Karen,N,N
NSW,115,Dobell,ALP,Labor,32669,McBRIDE,Emma,Y,Y
WA,239,Forrest,ASP,"Shooters, Fishers and Farmers",32527,McCALL,Mark,N,N
NSW,120,Gilmore,GRN,The Greens,33541,McCALLUM,Carmel Mary,N,N
QLD,168,Leichhardt,KAP,Katter's Australian Party (KAP),32696,McCARTHY,Daniel,N,N
NT,306,Lingiari,RUA,Rise Up Australia Party,33014,McCARTHY,Regina,N,N
QLD,169,Lilley,UAPP,United Australia Party,32967,McCLAER,David Bruce,N,N
NSW,250,Riverina,NP,The Nationals,32559,McCORMACK,Michael,Y,Y
NSW,130,Lyne,LDP,Liberal Democrats,33396,McCRAE,Dean,N,N
QLD,316,Wright,ALP,Australian Labor Party,32951,McCREADIE,Pam,N,N
NSW,145,Richmond,SPP,Sustainable Australia,32714,McDONALD,Ronald,N,N
NSW,122,Greenway,ABFA,Australian Better Families,32553,McFARLAND,Graham,N,N
NSW,148,Shortland,LP,Liberal,33120,McGILL,Nell,N,N
NSW,117,Eden-Monaro,GRN,The Greens,32687,McGINLAY,Pat,N,N
QLD,160,Fairfax,ALP,Australian Labor Party,32824,McGLONE,Julie,N,N
NSW,148,Shortland,AJP,Animal Justice Party,33188,McGRATH,Bryan,N,N
TAS,319,Clark,ALP,Australian Labor Party,32285,McGREGOR,Ben,N,N
QLD,167,Kennedy,ALP,Australian Labor Party,32808,McGUIRE,Brett,N,N
NSW,128,Lindsay,LP,Liberal,33142,McINTOSH,Melissa,Y,N
NSW,106,Berowra,UAPP,United Australia Party,32885,McLACHLAN,Craig Steven,N,N
VIC,215,Higgins,ALP,Australian Labor Party,32336,McLEOD,Fiona,N,N
WA,247,Swan,UAPP,United Australia Party,33656,McLERNON,Peter,N,N
VIC,204,Casey,DLP,Labour DLP,32346,McPHEE,Ross,N,N
VIC,322,Macnamara,AJP,Animal Justice Party,32684,McPHERSON,Craig,N,N
VIC,211,Flinders,UAPP,United Australia Party,32319,McSHANE,Christine,N,N
NSW,112,Cook,UAPP,United Australia Party,32872,McSWEYN,John Neil,N,N
QLD,164,Groom,LNP,Liberal National Party of Queensland,33113,McVEIGH,John,Y,Y
NSW,113,Cowper,CDP,Christian Democratic Party (Fred Nile Group),33503,MEADS,Ruth,N,N
WA,238,Curtin,ALP,Australian Labor Party,33431,MEECHAM,Rob,N,N
QLD,169,Lilley,GRN,The Greens,33258,MEYER,John,N,N
TAS,193,Braddon,NP,The Nationals,32434,MILBOURNE,Sally,N,N
VIC,234,Wills,AJP,Animal Justice Party,32688,MILES,Chris,N,N
WA,305,Hasluck,GRN,The Greens (WA),32432,MILES,Lee-Anne,N,N
QLD,177,Ryan,ON,Pauline Hanson's One Nation,32713,MILES,Rodney,N,N
VIC,224,Mallee,UAPP,United Australia Party,32416,MILLAR,Rick,N,N
NSW,130,Lyne,IND,Independent,33649,MILLER,Jeremy John,N,N
NSW,153,Werriwa,LP,Liberal,33112,MILLER,Shayne,N,N
NSW,118,Farrer,IND,Independent,29044,MILLS,Brian,N,N
WA,235,Brand,FACN,FRASER ANNING'S CONSERVATIVE NATIONAL PARTY,32479,MILLS,Karen-Lee,N,N
VIC,212,Gellibrand,LP,Liberal,33151,MITCHELL,Anthony,N,N
TAS,196,Lyons,ALP,Australian Labor Party,32418,MITCHELL,Brian,Y,Y
NSW,145,Richmond,UAPP,United Australia Party,32832,MITCHELL,Hamish Jenkin,N,N
VIC,226,McEwen,ALP,Australian Labor Party,32338,MITCHELL,Rob,Y,Y
VIC,224,Mallee,IND,Independent,33629,MOAR,Cecilia,N,N
NSW,119,Fowler,CDP,Christian Democratic Party (Fred Nile Group),33528,MOCANU,Francesca,N,N
VIC,224,Mallee,IND,Independent,33621,MODICA,Jason Mark,N,N
QLD,174,Oxley,FACN,FRASER ANNING'S CONSERVATIVE NATIONAL PARTY,33400,MOERLAND,Scott,N,N
WA,236,Canning,GRN,The Greens (WA),32168,MOFFAT,Jodie,N,N
QLD,176,Rankin,,,33566,MOHAMMAD,Yusuf,N,N
VIC,222,Lalor,,,32267,MOINUDDIN,Aijaz,N,N
VIC,224,Mallee,RUA,Rise Up Australia Party,33351,MOLLISON,Philip,N,N
NSW,108,Bradfield,SPP,Sustainable Australia,32703,MOLLOY,Stephen,N,N
WA,239,Forrest,WAP,WESTERN AUSTRALIA PARTY,33356,MOLYNEUX,Ian Bruce,N,N
QLD,161,Fisher,LAOL,Love Australia or Leave,32397,MONAGHAN,Paul,N,N
NSW,128,Lindsay,CDP,Christian Democratic Party (Fred Nile Group),33509,MOODY-BASEDOW,Mark K.C.,N,N
QLD,155,Bowman,GRN,The Greens,33187,MOON,Emerald,N,N
VIC,215,Higgins,SPP,Sustainable Australia,32986,MORAN,Michaela,N,N
NSW,121,Grayndler,FUT,Science Party,32661,MORELLO,Majella,N,N
VIC,203,Calwell,GVIC,The Greens (VIC),32659,MORGAN,Polly,N,N
SA,185,Hindmarsh,UAPP,United Australia Party,33111,MORRIS,Rose,N,N
VIC,209,Deakin,ALP,Australian Labor Party,32353,MORRIS,Shireen,N,N
NSW,112,Cook,LP,Liberal,33135,MORRISON,Scott,Y,Y
WA,312,Durack,ALP,Australian Labor Party,33500,MORROW,Sharyn,N,N
SA,186,Kingston,GRN,The Greens,33092,MORTIER,Nikki,N,N
WA,248,Tangney,LP,Liberal,33436,MORTON,Ben,Y,Y
NSW,118,Farrer,GRN,The Greens,32880,MOSS,Dean,N,N
QLD,170,Maranoa,ON,Pauline Hanson's One Nation,32629,MOULDEN,Rosemary,N,N
WA,312,Durack,WAP,WESTERN AUSTRALIA PARTY,33435,MOUNSEY,Gary,N,N
NSW,151,Warringah,IND,Independent,33581,MOYLAN,Susan,N,N
NSW,138,Page,UAPP,United Australia Party,32929,MUDGE,John Damian,N,N
WA,240,Fremantle,AUC,Australian Christians,32428,MULDER,Laetisia,N,N
QLD,175,Petrie,ALP,Australian Labor Party,32847,MULHOLLAND,Corinne,N,N
VIC,321,Fraser,ALP,Australian Labor Party,32324,MULINO,Daniel,Y,N
NSW,120,Gilmore,LP,Liberal,33197,MUNDINE,Warren,N,N
WA,237,Cowan,ON,Pauline Hanson's One Nation,33450,MUNDY,Sheila,N,N
NSW,149,Sydney,LP,Liberal,33115,MUNRO,Jacqui,N,N
NSW,131,Macarthur,LP,Liberal,33294,MUNRO,Riley,N,N
VIC,222,Lalor,LP,Liberal,33190,MURPHY,Gayle,N,N
NSW,126,Hunter,AJP,Animal Justice Party,33220,MURPHY,James,N,N
NSW,134,Mitchell,GRN,The Greens,32590,MURPHY,Lawrence,N,N
NSW,131,Macarthur,UAPP,United Australia Party,32843,MURPHY,Nathan John,N,N
VIC,210,Dunkley,ALP,Australian Labor Party,32352,MURPHY,Peta,Y,N
WA,242,Moore,IND,Independent,32348,MURPHY,Ziggi,N,N
NSW,126,Hunter,GRN,The Greens,32572,MURRAY,Janet,N,N
QLD,157,Capricornia,IND,Independent,28347,MURRAY,Ken,N,N
NSW,152,Wentworth,ALP,Labor,32692,MURRAY,Tim,N,N
QLD,163,Griffith,FACN,FRASER ANNING'S CONSERVATIVE NATIONAL PARTY,33128,MURRAY,Tony,N,N
TAS,196,Lyons,ON,Pauline Hanson's One Nation,32424,MURTAGH,Tennille,N,N
VIC,320,Cooper,UAPP,United Australia Party,32300,NANGLE,Brett,N,N
WA,317,Burt,IND,Independent,32839,NATION,Naomi,N,N
NSW,125,Hume,CDP,Christian Democratic Party (Fred Nile Group),33481,NEBAUER,Ian Stanley,N,N
QLD,164,Groom,GRN,The Greens,33170,NELLIGAN,Alyce,N,N
NSW,150,Whitlam,CDP,Christian Democratic Party (Fred Nile Group),33475,NERO,Frank Rodolfo,N,N
QLD,304,Blair,ALP,Australian Labor Party,32769,NEUMANN,Shayne Kenneth,Y,Y
QLD,156,Brisbane,ALP,Australian Labor Party,32946,NEWBURY,Paul,N,N
NSW,148,Shortland,SPP,Sustainable Australia,32666,NEWBURY,Susan,N,N
QLD,173,Moreton,FACN,FRASER ANNING'S CONSERVATIVE NATIONAL PARTY,33160,NIEASS,Aaron,N,N
QLD,166,Hinkler,IND,Independent,32120,NORMAN,David,N,N
NSW,131,Macarthur,ON,Pauline Hanson's One Nation,32340,NORMAN,Shane,N,N
VIC,207,Corangamite,GVIC,The Greens (VIC),32609,NORTHEAST,Simon,N,N
QLD,178,Wide Bay,LNP,Liberal National Party of Queensland,33200,O'BRIEN,Llew,Y,Y
SA,180,Barker,ALP,Australian Labor Party,33032,O'BRIEN,Mat,N,N
QLD,173,Moreton,GRN,The Greens,33237,O'BRIEN,Patsy,N,N
NSW,112,Cook,ALP,Labor,32745,O'BRIEN,Simon,N,N
QLD,160,Fairfax,LNP,Liberal National Party of Queensland,33284,O'BRIEN,Ted,Y,Y
QLD,316,Wright,ON,Pauline Hanson's One Nation,32846,O'CALLAGHAN,Chris,N,N
VIC,210,Dunkley,DHJP,Derryn Hinch's Justice Party,33311,O'CONNELL,Lachlan Andrew,N,N
VIC,309,Gorton,ALP,Australian Labor Party,32308,O'CONNOR,Brendan,Y,Y
VIC,204,Casey,GAP,The Great Australian Party,33551,O'CONNOR,Jayden,N,N
NSW,111,Chifley,UAPP,United Australia Party,32827,O'CONNOR,Joseph Oscar,N,N
VIC,323,Monash,ALP,Australian Labor Party,32299,O'DONNELL,Jessica,N,N
QLD,311,Flynn,LNP,Liberal National Party of Queensland,33242,O'DOWD,Ken,Y,Y
WA,242,Moore,ALP,Australian Labor Party,33416,O'GORMAN,Tony,N,N
SA,190,Sturt,ALP,Australian Labor Party,32647,O'HANLON,Cressida,N,N
VIC,217,Hotham,ALP,Australian Labor Party,32304,O'NEIL,Clare,Y,Y
NSW,315,McMahon,GRN,The Greens,32724,O'NEILL,Astrid,N,N
VIC,322,Macnamara,IND,Independent,32247,O'ROURKE,Ruby,N,N
QLD,165,Herbert,ALP,Australian Labor Party,32762,O'TOOLE,Cathy,N,Y
NSW,113,Cowper,IND,Independent,29558,OAKESHOTT,Robert,N,N
WA,244,Pearce,ON,Pauline Hanson's One Nation,33430,OLD,Sandy,N,N
QLD,168,Leichhardt,GRN,The Greens,33129,OLIVER,Gary,N,N
WA,305,Hasluck,ON,Pauline Hanson's One Nation,33457,ORR,Tim,N,N
SA,179,Adelaide,LP,Liberal,33027,OSBORN,Shaun,N,N
QLD,173,Moreton,LNP,Liberal National Party of Queensland,33324,OWEN,Angela,N,N
NSW,140,Parramatta,ALP,Labor,32735,OWENS,Julie,Y,Y
NSW,105,Bennelong,ALP,Labor,32637,OWLER,Brian,N,N
NSW,151,Warringah,SPP,Sustainable Australia,32544,PALETTO,Emanuele,N,N
NT,307,Solomon,GRN,The Greens,33031,PARISH,Timothy,N,N
NSW,104,Barton,GRN,The Greens,32651,PARISSIS,Connor,N,N
VIC,324,Nicholls,IND,Independent,33605,PARKER,Jeremy,N,N
VIC,226,McEwen,AJP,Animal Justice Party,33225,PARRAMORE,Ruth,N,N
QLD,161,Fisher,ALP,Australian Labor Party,32819,PARSELL,Daniel,N,N
TAS,193,Braddon,GRN,The Greens,32497,PARSONS,Phill,N,N
QLD,166,Hinkler,ALP,Australian Labor Party,32758,PASCOE,Richard,N,N
SA,180,Barker,LP,Liberal,33042,PASIN,Tony,Y,Y
QLD,161,Fisher,ON,Pauline Hanson's One Nation,32512,PATERSON,Christopher,N,N
VIC,322,Macnamara,UAPP,United Australia Party,32387,PATON,Helen Lucy,N,N
QLD,176,Rankin,LNP,Liberal National Party of Queensland,33278,PATTISON,Clinton,N,N
QLD,302,Longman,FACN,FRASER ANNING'S CONSERVATIVE NATIONAL PARTY,33162,PAULKE,Dave,N,N
NSW,139,Parkes,GRN,The Greens,32561,PAULL,David,N,N
NSW,140,Parramatta,CDP,Christian Democratic Party (Fred Nile Group),33477,PAYARA,Asma,N,N
ACT,101,Canberra,ALP,Australian Labor Party,32233,PAYNE,Alicia,Y,N
VIC,229,Menzies,REAS,Reason Australia,32825,PAYNE,Rachel,N,N
WA,243,O'Connor,ALP,Australian Labor Party,33366,PAYNE,Shelley,N,N
TAS,193,Braddon,LP,Liberal,32121,PEARCE,Gavin,Y,N
NSW,113,Cowper,AJP,Animal Justice Party,33314,PEARCE,Kellie,N,N
VIC,228,Melbourne,UAPP,United Australia Party,32335,PECORA,Tony,N,N
VIC,214,Goldstein,GVIC,The Greens (VIC),32566,PENNICUIK,Sue,N,N
WA,245,Perth,GRN,The Greens (WA),32155,PERKS,Caroline,N,N
QLD,173,Moreton,ALP,Australian Labor Party,32765,PERRETT,Graham,Y,Y
QLD,156,Brisbane,ON,Pauline Hanson's One Nation,32751,PERRY,Anne,N,N
VIC,211,Flinders,AJP,Animal Justice Party,32676,PERSSON,James,N,N
QLD,162,Forde,GRN,The Greens,33173,PETERSEN,Kirsty,N,N
QLD,311,Flynn,IND,Independent,33458,PETERSON,Murray,N,N
VIC,197,Aston,ALP,Australian Labor Party,32313,PETHIYAGODA,Kadira,N,N
VIC,224,Mallee,LP,Liberal,33287,PETROVICH,Serge,N,N
NSW,133,Macquarie,UAPP,United Australia Party,32796,PETTITT,Tony Bryan,N,N
WA,235,Brand,WAP,WESTERN AUSTRALIA PARTY,33390,PHELAN,Blake,N,N
WA,305,Hasluck,WAP,WESTERN AUSTRALIA PARTY,33249,PHELAN,Stephen,N,N
NSW,152,Wentworth,IND,Independent,32085,PHELPS,Kerryn,N,Y
NSW,120,Gilmore,ALP,Labor,32772,PHILLIPS,Fiona,Y,N
WA,238,Curtin,GRN,The Greens (WA),32149,PIDGEON,Cameron,N,N
NSW,115,Dobell,LP,Liberal,33134,PILON,Jilly,N,N
NSW,144,Reid,CDP,Christian Democratic Party (Fred Nile Group),33468,PIPER,Keith,N,N
QLD,166,Hinkler,LNP,Liberal National Party of Queensland,33166,PITT,Keith,Y,Y
WA,235,Brand,LP,Liberal,33398,PLEITER,Jack,N,N
NSW,149,Sydney,ALP,Labor,32667,PLIBERSEK,Tanya,Y,Y
SA,179,Adelaide,GRN,The Greens,33010,POCOCK,Barbara,N,N
NSW,104,Barton,ON,Pauline Hanson's One Nation,32365,POLLARD,Phillip,N,N
VIC,214,Goldstein,ALP,Australian Labor Party,32291,POLLOCK,Daniel,N,N
VIC,228,Melbourne,AJP,Animal Justice Party,32721,POPE,Lawrence,N,N
WA,244,Pearce,LP,Liberal,33399,PORTER,Christian,Y,Y
NSW,125,Hume,GRN,The Greens,32582,POWELL,David,N,N
QLD,157,Capricornia,FACN,FRASER ANNING'S CONSERVATIVE NATIONAL PARTY,33121,PRATT,Grant,N,N
NT,306,Lingiari,CLP,Country Liberals (NT),33045,PRICE,Jacinta,N,N
WA,312,Durack,LP,Liberal,33536,PRICE,Melissa,Y,Y
QLD,252,Dickson,IND,Independent,28148,PROHASKA,Thor,N,N
VIC,234,Wills,GVIC,The Greens (VIC),32657,PULFORD,Adam,N,N
QLD,174,Oxley,GRN,The Greens,33440,PURCELL,Steven,N,N
VIC,219,Isaacs,RUA,Rise Up Australia Party,33247,PUVIMANASINGHE,Ash,N,N
QLD,158,Dawson,IND,Independent,33568,QUEENAN,Lachlan,N,N
QLD,171,McPherson,GRN,The Greens,33156,QUINN,Alan,N,N
QLD,304,Blair,DLP,Labour DLP,33367,QUINN,John,N,N
QLD,165,Herbert,KAP,Katter's Australian Party (KAP),32610,RADECK,Nanette,N,N
WA,317,Burt,ASP,"Shooters, Fishers and Farmers",32601,RAFFAELLI,Peter Joseph,N,N
WA,248,Tangney,ON,Pauline Hanson's One Nation,33478,RAFFERTY,Scott Rodney,N,N
NSW,122,Greenway,CDP,Christian Democratic Party (Fred Nile Group),33505,RAJADURAI,Osbourn Inparajah,N,N
NT,307,Solomon,UAPP,United Australia Party,32731,RAJWIN,Raj Samson,N,N
SA,183,Grey,LP,Liberal,33099,RAMSEY,Rowan,Y,Y
ACT,102,Fenner,AUP,Australian Progressives,32888,RATLHAGANE,Kagiso,N,N
WA,246,Stirling,WAP,WESTERN AUSTRALIA PARTY,33563,RE,Elizabeth,N,N
SA,179,Adelaide,UAPP,United Australia Party,33030,REA,Antonio,N,N
NSW,149,Sydney,CDP,Christian Democratic Party (Fred Nile Group),33483,REDDIN,Rebecca,N,N
QLD,176,Rankin,UAPP,United Australia Party,32923,REDDY,Shyamal,N,N
NSW,138,Page,GRN,The Greens,32716,REID,Dan,N,N
NSW,133,Macquarie,LP,Liberal,33155,RICHARDS,Sarah,N,N
VIC,320,Cooper,AJP,Animal Justice Party,32728,RICHINGS,Nadine,N,N
NSW,115,Dobell,GRN,The Greens,32576,RICKARD,Scott,N,N
NSW,148,Shortland,UAPP,United Australia Party,32786,RIFAI,Dani,N,N
VIC,220,Jagajaga,UAPP,United Australia Party,32320,RIGONI,Maria Marcia,N,N
SA,186,Kingston,ALP,Australian Labor Party,33098,RISHWORTH,Amanda,Y,Y
VIC,320,Cooper,GVIC,The Greens (VIC),32693,RISSTROM,David,N,N
NSW,131,Macarthur,GRN,The Greens,32611,RIVERA,Jayden,N,N
TAS,192,Bass,UAPP,United Australia Party,32545,ROARK,Allan John,N,N
QLD,159,Fadden,LNP,Liberal National Party of Queensland,33202,ROBERT,Stuart,Y,Y
SA,190,Sturt,AJP,Animal Justice Party,33289,ROBERTS,Harbinda,N,N
QLD,163,Griffith,LNP,Liberal National Party of Queensland,33226,ROBERTS,Olivia,N,N
NSW,111,Chifley,GRN,The Greens,32620,ROBERTSON,Brent John,N,N
QLD,157,Capricornia,ALP,Australian Labor Party,32781,ROBERTSON,Russell,N,N
WA,240,Fremantle,LP,Liberal,33414,ROBINS,Nicole,N,N
VIC,218,Indi,GVIC,The Greens (VIC),32630,ROBINSON,Helen,N,N
VIC,222,Lalor,UAPP,United Australia Party,32297,ROBINSON,Jeffrey Edward,N,N
WA,243,O'Connor,GAP,The Great Australian Party,33653,ROBINSON,Nicholas Andrew,N,N
NSW,109,Calare,ASP,"Shooters, Fishers and Farmers",32259,ROMANO,Sam,N,N
NSW,107,Blaxland,GRN,The Greens,32612,ROONEY,James,N,N
NSW,118,Farrer,UAPP,United Australia Party,32901,ROSE,Michael Hunter,N,N
QLD,157,Capricornia,ON,Pauline Hanson's One Nation,32719,ROTHERY,Wade,N,N
VIC,224,Mallee,GVIC,The Greens (VIC),32422,ROWAN,Nicole,N,N
NSW,107,Blaxland,CDP,Christian Democratic Party (Fred Nile Group),33471,ROWE,Veronica,N,N
NSW,122,Greenway,ALP,Labor,32761,ROWLAND,Michelle,Y,Y
SA,182,Boothby,GRN,The Greens,33060,ROZITIS,Stef,N,N
ACT,318,Bean,GAP,The Great Australian Party,33391,RUSHTON,Ben,N,N
SA,182,Boothby,AJP,Animal Justice Party,33331,RUSSELL,Geoff,N,N
VIC,320,Cooper,REAS,Reason Australia,33257,RUSSELL,Sarah,N,N
QLD,160,Fairfax,FACN,FRASER ANNING'S CONSERVATIVE NATIONAL PARTY,33361,RYAN,Jake Luke,N,N
VIC,222,Lalor,ALP,Australian Labor Party,32354,RYAN,Joanne,Y,Y
VIC,228,Melbourne,REAS,Reason Australia,32833,RYAN,Judy,N,N
VIC,215,Higgins,UAPP,United Australia Party,32375,RYAN,Tim,N,N
QLD,168,Leichhardt,UAPP,United Australia Party,32916,SACKLEY,Jen,N,N
WA,317,Burt,WAP,WESTERN AUSTRALIA PARTY,33494,SAGISAKA,Sarcha,N,N
NSW,128,Lindsay,AFN,Australia First Party,32148,SALEAM,Jim,N,N
SA,182,Boothby,UAPP,United Australia Party,33102,SALERNO,Peter,N,N
VIC,219,Isaacs,GVIC,The Greens (VIC),32570,SAMIOTIS,Kim,N,N
VIC,208,Corio,UAPP,United Australia Party,32720,SANBORN,Desmond,N,N
WA,239,Forrest,ALP,Australian Labor Party,33392,SANFORD,Wayne,N,N
QLD,171,McPherson,ALP,Australian Labor Party,32773,SANTELISES,Aaron,N,N
QLD,170,Maranoa,UAPP,United Australia Party,32893,SAUNDERS,Julie Marie,N,N
QLD,178,Wide Bay,ALP,Australian Labor Party,32817,SCANES,Jason,N,N
QLD,178,Wide Bay,UAPP,United Australia Party,32937,SCHEBELLA,Andrew,N,N
QLD,176,Rankin,ON,Pauline Hanson's One Nation,32542,SCHNEIDER,Jesse,N,N
QLD,177,Ryan,GRN,The Greens,33211,SCHOERMER,Jake,N,N
QLD,302,Longman,AFN,Australia First Party,32427,SCHUBACK,Peter Keith,N,N
NSW,251,Watson,CDP,Christian Democratic Party (Fred Nile Group),33496,SCHUBERT,Karl,N,N
NSW,120,Gilmore,IND,Independent,33240,SCHULTZ,Grant,N,N
VIC,321,Fraser,GVIC,The Greens (VIC),32583,SCORGIE,Rebecca,N,N
QLD,311,Flynn,IND,Independent,17322,SCOTT,Duncan George,N,N
NSW,136,Newcastle,UAPP,United Australia Party,32763,SCULLY,Geoffrey,N,N
VIC,219,Isaacs,UAPP,United Australia Party,32337,SEALS,Tony,N,N
NSW,134,Mitchell,ALP,Labor,32717,SELVARAJ,Immanuel,N,N
QLD,165,Herbert,AJP,Animal Justice Party,32249,SEVERNS,Mackenzie,N,N
VIC,198,Ballarat,IND,Independent,33429,SHADY,Nick,N,N
NSW,124,Hughes,GRN,The Greens,32625,SHAKESPEARE,Mitchell,N,N
SA,188,Mayo,XEN,Centre Alliance,33085,SHARKIE,Rebekha,Y,Y
NSW,152,Wentworth,LP,Liberal,33218,SHARMA,Dave,Y,N
TAS,319,Clark,GRN,The Greens,32469,SHAW,Juniper,N,N
QLD,304,Blair,LNP,Liberal National Party of Queensland,33161,SHEARMAN,Robert,N,N
NSW,117,Eden-Monaro,IND,Independent,32082,SHELDON,David William,N,N
VIC,323,Monash,UAPP,United Australia Party,32281,SHERRY,Matthew,N,N
VIC,228,Melbourne,LP,Liberal,33322,SHERSON,Lauren,N,N
VIC,225,Maribyrnong,ALP,Australian Labor Party,32388,SHORTEN,Bill,Y,Y
NSW,104,Barton,LP,Liberal,33269,SHRESTHA,Pramej,N,N
QLD,172,Moncrieff,ON,Pauline Hanson's One Nation,32780,SIBSON,Vanessa,N,N
QLD,177,Ryan,LNP,Liberal National Party of Queensland,33286,SIMMONDS,Julian,Y,N
QLD,252,Dickson,FACN,FRASER ANNING'S CONSERVATIVE NATIONAL PARTY,33152,SIMPSON,Richelle,N,N
VIC,211,Flinders,ALP,Australian Labor Party,32294,SINCLAIR,Josh,N,N
NSW,146,Robertson,SPP,Sustainable Australia,32558,SINGER,Judy,N,N
NSW,117,Eden-Monaro,UAPP,United Australia Party,32889,SINGH,Chandra,N,N
VIC,232,Scullin,LP,Liberal,33245,SINGH,Gurpal,N,N
VIC,309,Gorton,GVIC,The Greens (VIC),32597,SINGH,Harkirat,N,N
VIC,216,Holt,UAPP,United Australia Party,32316,SINGH,Jatinder,N,N
NSW,315,McMahon,LP,Liberal,33473,SINGHA,Vivek,N,N
VIC,197,Aston,UAPP,United Australia Party,32269,SIRIANNI-DUFFY,Matthew,N,N
VIC,203,Calwell,VNS,Victorian Socialists,32410,SMALL,Jerome,N,N
TAS,193,Braddon,IND,Independent,33547,SMITH,Brett Michael,N,N
VIC,232,Scullin,GVIC,The Greens (VIC),32653,SMITH,Cynthia,N,N
ACT,318,Bean,ALP,Australian Labor Party,32253,SMITH,David,Y,N
WA,243,O'Connor,ON,Pauline Hanson's One Nation,33417,SMITH,Dean,N,N
QLD,178,Wide Bay,FACN,FRASER ANNING'S CONSERVATIVE NATIONAL PARTY,33254,SMITH,Jasmine,N,N
VIC,211,Flinders,SPP,Sustainable Australia,32982,SMITH,Reade,N,N
QLD,316,Wright,FACN,FRASER ANNING'S CONSERVATIVE NATIONAL PARTY,33267,SMITH,Rod,N,N
VIC,204,Casey,LP,Liberal,33316,SMITH,Tony,Y,Y
VIC,213,Gippsland,ASP,"Shooters, Fishers and Farmers",33164,SNELLING,David,N,N
NT,306,Lingiari,ALP,Australian Labor Party (Northern Territory) Branch,32740,SNOWDON,Warren,Y,Y
SA,186,Kingston,AJP,Animal Justice Party,33360,SOMERS,Kellie,N,N
QLD,172,Moncrieff,GRN,The Greens,33159,SPAIN,Sally,N,N
TAS,193,Braddon,UAPP,United Australia Party,32521,SPAULDING,Karen Wendy,N,N
QLD,171,McPherson,ON,Pauline Hanson's One Nation,32552,SPELLMAN,John,N,N
WA,248,Tangney,GRN,The Greens (WA),32524,SPENCER,Martin,N,N
WA,317,Burt,AUC,Australian Christians,32390,SPYKER,Warnar,N,N
WA,248,Tangney,AUC,Australian Christians,32742,STAER,Mark,N,N
NSW,153,Werriwa,ALP,Labor,32756,STANLEY,Anne Maree,Y,Y
QLD,159,Fadden,ALP,Australian Labor Party,32812,STANTON,Luz,N,N
TAS,319,Clark,UAPP,United Australia Party,32628,STARKEY,Jim,N,N
VIC,204,Casey,UAPP,United Australia Party,32292,STARKEY,Wendy,N,N
NSW,132,Mackellar,ALP,Labor,32834,STEELE,Declan,N,N
NSW,151,Warringah,IND,Independent,32467,STEGGALL,Zali,Y,N
NSW,124,Hughes,ALP,Labor,32788,STEINWALL,Diedree,N,N
NSW,131,Macarthur,AJP,Animal Justice Party,33185,STELLINO,Matt,N,N
NSW,115,Dobell,IND,Independent,28011,STEPHENSON,Gregory Francis,N,N
SA,190,Sturt,LP,Liberal,33091,STEVENS,James,Y,N
NSW,113,Cowper,UAPP,United Australia Party,33277,STEWART,Alexander,N,N
WA,237,Cowan,LP,Liberal,33389,STEWART,Isaac,N,N
VIC,221,Kooyong,ALP,Australian Labor Party,32332,STEWART,Jana,N,N
WA,238,Curtin,IND,Independent,32634,STEWART,Louise,N,N
QLD,171,McPherson,AJP,Animal Justice Party,32242,STEWART,Renee,N,N
SA,187,Makin,GRN,The Greens,32793,STEWART,Stephanie,N,N
NSW,137,North Sydney,ALP,Labor,32715,STONE,Brett,N,N
SA,183,Grey,ON,Pauline Hanson's One Nation,32288,STONE,David,N,N
NSW,153,Werriwa,CDP,Christian Democratic Party (Fred Nile Group),33488,STOREY,Narelle,N,N
VIC,225,Maribyrnong,LP,Liberal,33182,STOW,Christine,N,N
VIC,224,Mallee,ASP,"Shooters, Fishers and Farmers",33280,STRAUB,Dan,N,N
WA,244,Pearce,AUC,Australian Christians,32615,STRAUSS,Magdeleen,N,N
NSW,126,Hunter,CDP,Christian Democratic Party (Fred Nile Group),33486,STRETTON,Richard,N,N
NSW,146,Robertson,CDP,Christian Democratic Party (Fred Nile Group),33491,STUCKEN,Fiona Phoebe,N,N
QLD,157,Capricornia,UAPP,United Australia Party,32878,STURGEON,Lindsay,N,N
VIC,209,Deakin,LP,Liberal,33317,SUKKAR,Michael,Y,Y
VIC,209,Deakin,DHJP,Derryn Hinch's Justice Party,33266,SULLIVAN,Ellie Jean,N,N
VIC,209,Deakin,GVIC,The Greens (VIC),32412,SUN,Sophia,N,N
NSW,104,Barton,CDP,Christian Democratic Party (Fred Nile Group),33522,SUSILO,Sonny,N,N
NSW,249,Paterson,ALP,Labor,32749,SWANSON,Meryl,Y,Y
WA,243,O'Connor,WAP,WESTERN AUSTRALIA PARTY,33354,SWIFT,Peter,N,N
QLD,310,Bonner,ON,Pauline Hanson's One Nation,32499,SYMES,Ian,N,N
NSW,135,New England,IND,Independent,24752,TABER,Rob,N,N
NSW,106,Berowra,GRN,The Greens,32707,TAN,Monica,N,N
NSW,125,Hume,LP,Liberal,33130,TAYLOR,Angus,Y,Y
NSW,106,Berowra,CDP,Christian Democratic Party (Fred Nile Group),33470,TAYLOR,Simon Alan,N,N
VIC,233,Wannon,GVIC,The Greens (VIC),32679,TAYLOR,Zephlyn,N,N
WA,236,Canning,ALP,Australian Labor Party,33378,TEEDE,Mellisa,N,N
VIC,233,Wannon,LP,Liberal,33180,TEHAN,Dan,Y,Y
QLD,157,Capricornia,DLP,Labour DLP,33246,TEMPLE,Richard,N,N
NSW,133,Macquarie,ALP,Labor,32683,TEMPLEMAN,Susan,Y,Y
NSW,103,Banks,AJP,Animal Justice Party,33215,THAKUR,Anjali,N,N
NSW,127,Kingsford Smith,ALP,Labor,32856,THISTLETHWAITE,Matt,Y,Y
VIC,212,Gellibrand,GVIC,The Greens (VIC),32623,THOMAS,Bernadette,N,N
SA,190,Sturt,CPP,Child Protection Party,33533,THOMAS,Colin,N,N
NSW,106,Berowra,SPP,Sustainable Australia,32626,THOMAS,Justin,N,N
WA,247,Swan,AJP,Animal Justice Party,32533,THOMAS-WURTH,Virginia Anne,N,N
NSW,132,Mackellar,IND,Independent,33382,THOMPSON,Alice,N,N
QLD,158,Dawson,UAPP,United Australia Party,32910,THOMPSON,Colin Richard,N,N
NSW,149,Sydney,GRN,The Greens,32605,THOMPSON,Matthew,N,N
QLD,165,Herbert,LNP,Liberal National Party of Queensland,33285,THOMPSON,Phillip,Y,N
VIC,208,Corio,LP,Liberal,33163,THOMSON,Alastair,N,N
QLD,302,Longman,ON,Pauline Hanson's One Nation,32548,THOMSON,Matthew,N,N
VIC,220,Jagajaga,ALP,Australian Labor Party,32293,THWAITES,Kate,Y,N
VIC,213,Gippsland,FACN,FRASER ANNING'S CONSERVATIVE NATIONAL PARTY,33595,TICKNER,Neville Phillip,N,N
QLD,316,Wright,KAP,Katter's Australian Party (KAP),32895,TOMLINSON,Matthew,N,N
VIC,321,Fraser,IND,Independent,32841,TRAN,Van,N,N
WA,244,Pearce,ALP,Australian Labor Party,33343,TRAVERS,Kim,N,N
NSW,152,Wentworth,CDP,Christian Democratic Party (Fred Nile Group),33501,TREACY,Paul,N,N
VIC,220,Jagajaga,RUA,Rise Up Australia Party,33183,TRUSCOTT,Jeff,N,N
NSW,153,Werriwa,UAPP,United Australia Party,32801,TSIRIPLIS,Ignatios,N,N
VIC,197,Aston,LP,Liberal,33330,TUDGE,Alan,Y,Y
QLD,166,Hinkler,IND,Independent,32083,TURAGA,Moe,N,N
QLD,304,Blair,IND,Independent,29420,TURNER,John,N,N
QLD,158,Dawson,FACN,FRASER ANNING'S CONSERVATIVE NATIONAL PARTY,33178,TURNER,Michael Wayne,N,N
NSW,249,Paterson,ON,Pauline Hanson's One Nation,32419,TURNER,Neil,N,N
QLD,159,Fadden,GRN,The Greens,33147,TURNER,Scott,N,N
VIC,309,Gorton,UAPP,United Australia Party,32287,TURTON,Richard,N,N
NSW,128,Lindsay,IND,Independent,33119,TYNDALL,Mark,N,N
VIC,324,Nicholls,ON,Pauline Hanson's One Nation,32604,TYRRELL,Rikkie-Lee,N,N
NSW,137,North Sydney,UAPP,United Australia Party,32883,VAGG,Peter John,N,N
SA,185,Hindmarsh,FACN,FRASER ANNING'S CONSERVATIVE NATIONAL PARTY,33106,VAID,Rajan,N,N
VIC,203,Calwell,FACN,FRASER ANNING'S CONSERVATIVE NATIONAL PARTY,33609,VAIL,Adam,N,N
NSW,249,Paterson,CDP,Christian Democratic Party (Fred Nile Group),33492,VALE,Christopher Arthur,N,N
VIC,203,Calwell,ALP,Australian Labor Party,32391,VAMVAKINOU,Maria,Y,Y
WA,236,Canning,AUC,Australian Christians,32435,van BURGEL,Jamie,N,N
VIC,216,Holt,LP,Liberal,33199,VAN DEN BROEK,Jennifer,N,N
VIC,209,Deakin,DLP,Labour DLP,32380,van der HORST,Joel,N,N
NSW,139,Parkes,UAPP,United Australia Party,32792,VAN DER STEEN,Petrus Joannes Gijsbertus,N,N
VIC,320,Cooper,IND,Independent,32095,VAN LIESHOUT,Teresa,N,N
QLD,162,Forde,LNP,Liberal National Party of Queensland,33234,VAN MANEN,Bert,Y,Y
WA,235,Brand,AUC,Australian Christians,32431,VANDER VEN,Janine Joy,N,N
QLD,310,Bonner,LNP,Liberal National Party of Queensland,33302,VASTA,Ross,Y,Y
WA,236,Canning,UAPP,United Australia Party,32530,VEEVERS,Steve,N,N
VIC,200,Bendigo,UAPP,United Australia Party,32286,VEITCH,Adam,N,N
VIC,234,Wills,UAPP,United Australia Party,32329,VENKAT,Manju,N,N
VIC,323,Monash,IND,Independent,32690,VERHOEVEN,John,N,N
NSW,137,North Sydney,CDP,Christian Democratic Party (Fred Nile Group),33554,VERNON,David,N,N
NSW,108,Bradfield,UAPP,United Australia Party,32798,VERSACE,Marcus,N,N
QLD,178,Wide Bay,ON,Pauline Hanson's One Nation,32746,VICO,Aaron,N,N
VIC,198,Ballarat,LP,Liberal,33268,VO,Tim,N,N
WA,242,Moore,GRN,The Greens (WA),32186,VUJCICH,Daniel,N,N
VIC,323,Monash,ON,Pauline Hanson's One Nation,32802,WADDELL,Jeff,N,N
WA,248,Tangney,IND,Independent,33592,WADDY,Paul Stephen,N,N
NSW,117,Eden-Monaro,NP,The Nationals,32482,WADE,Sophie,N,N
QLD,155,Bowman,ON,Pauline Hanson's One Nation,32500,WADSWORTH,Glen,N,N
WA,240,Fremantle,SAL,Socialist Alliance,32255,WAINWRIGHT,Sam,N,N
VIC,215,Higgins,AJP,Animal Justice Party,32701,WALKER,Alicia,N,N
NSW,138,Page,CDP,Christian Democratic Party (Fred Nile Group),33521,WALKER,Peter,N,N
QLD,161,Fisher,LNP,Liberal National Party of Queensland,33228,WALLACE,Andrew,Y,Y
VIC,233,Wannon,UAPP,United Australia Party,32372,WALLACE,Joshua,N,N
QLD,170,Maranoa,KAP,Katter's Australian Party (KAP),32754,WALLIS,Anthony,N,N
VIC,322,Macnamara,IND,Independent,32306,WALLIS,Chris,N,N
WA,242,Moore,ON,Pauline Hanson's One Nation,33490,WALSH,Tyler,N,N
QLD,158,Dawson,DLP,Labour DLP,33369,WARE,Ann-Maree,N,N
NSW,136,Newcastle,LP,Liberal,33148,WARK,Katrina,N,N
TAS,196,Lyons,UAPP,United Australia Party,32584,WARNE,Michael,N,N
SA,183,Grey,UAPP,United Australia Party,33100,WARREN,Alexander David,N,N
NSW,138,Page,AJP,Animal Justice Party,32954,WATERS,Alison,N,N
NSW,127,Kingsford Smith,UAPP,United Australia Party,32882,WATSON,Adam Bruce,N,N
NSW,130,Lyne,GRN,The Greens,33338,WATSON,Stuart,N,N
VIC,212,Gellibrand,ALP,Australian Labor Party,32325,WATTS,Tim,Y,Y
WA,248,Tangney,WAP,WESTERN AUSTRALIA PARTY,33359,WAUGH,Gavin,N,N
NSW,132,Mackellar,GRN,The Greens,32682,WAWN,Pru,N,N
WA,240,Fremantle,ON,Pauline Hanson's One Nation,33529,WEARY,Brett,N,N
QLD,177,Ryan,AJP,Animal Justice Party,32222,WEBB,Joanne,N,N
VIC,224,Mallee,NP,The Nationals,32425,WEBSTER,Anne,Y,N
QLD,159,Fadden,LDP,Liberal Democrats,33520,WELCH,Jake,N,N
VIC,220,Jagajaga,LP,Liberal,33259,WELCH,Richard,N,N
QLD,169,Lilley,ALP,Australian Labor Party,32866,WELLS,Anika,Y,N
NSW,150,Whitlam,NP,The Nationals,32490,WENTWORTH,Stephen,N,N
WA,237,Cowan,UAPP,United Australia Party,32934,WESTCOTT,Peter,N,N
NSW,153,Werriwa,GRN,The Greens,32562,WESTERBERG,Signe,N,N
VIC,218,Indi,DHJP,Derryn Hinch's Justice Party,33238,WHALLEY,Jason Peter,N,N
VIC,218,Indi,UAPP,United Australia Party,33221,WHEATLAND,Shane,N,N
VIC,216,Holt,GVIC,The Greens (VIC),32592,WHEELOCK,Jess,N,N
TAS,196,Lyons,LP,Liberal,32122,WHELAN,Jessica,N,N
TAS,196,Lyons,GRN,The Greens,32491,WHISSON,Gary,N,N
NSW,153,Werriwa,IND,Independent,33262,WHITE,Michael,N,N
WA,305,Hasluck,ASP,"Shooters, Fishers and Farmers",33364,WHITE-HARTIG,Fiona,N,N
VIC,232,Scullin,AJP,Animal Justice Party,32695,WHITFIELD,Rod,N,N
QLD,156,Brisbane,UAPP,United Australia Party,32960,WHITTAKER,Aaron,N,N
VIC,205,Chisholm,DHJP,Derryn Hinch's Justice Party,33296,WICKS,Anne,N,N
NSW,146,Robertson,LP,Liberal,33149,WICKS,Lucy,Y,Y
VIC,209,Deakin,UAPP,United Australia Party,32296,WILDE,Milton,N,N
TAS,319,Clark,IND,Independent,33553,WILKIE,Andrew,Y,Y
WA,305,Hasluck,AUC,Australian Christians,32531,WILLIAMS,Brady John,N,N
VIC,225,Maribyrnong,GVIC,The Greens (VIC),32574,WILLIAMS,James,N,N
VIC,200,Bendigo,ON,Pauline Hanson's One Nation,32644,WILLIAMS,Vaughan,N,N
WA,244,Pearce,ASP,"Shooters, Fishers and Farmers",32776,WILLIAMSON,Ross,N,N
NSW,127,Kingsford Smith,LP,Liberal,33248,WILMOT,Amanda,N,N
WA,240,Fremantle,ALP,Australian Labor Party,33411,WILSON,Josh,Y,Y
WA,243,O'Connor,LP,Liberal,33380,WILSON,Rick,Y,Y
VIC,214,Goldstein,LP,Liberal,33265,WILSON,Tim,Y,Y
TAS,195,Franklin,UAPP,United Australia Party,32565,WINTER,Darren,N,N
NSW,136,Newcastle,CDP,Christian Democratic Party (Fred Nile Group),33464,WISE,Pam,N,N
QLD,166,Hinkler,IND,Independent,32098,WONE,Adrian Jacob,N,N
SA,182,Boothby,RUA,Rise Up Australia Party,33571,WONG,Carol,N,N
VIC,223,La Trobe,LP,Liberal,33307,WOOD,Jason,Y,Y
TAS,192,Bass,AJP,Animal Justice Party,32379,WOODBURY,Susan,N,N
NSW,113,Cowper,ALP,Labor,32606,WOODWARD,Andrew,N,N
NSW,106,Berowra,IND,Independent,27974,WOODWARD,Roger,N,N
NSW,105,Bennelong,CDP,Christian Democratic Party (Fred Nile Group),33462,WORSLEY,Julie,N,N
WA,236,Canning,ON,Pauline Hanson's One Nation,33532,WREFORD,Jackson,N,N
QLD,316,Wright,UAPP,United Australia Party,32966,WRIGHT,David William,N,N
NSW,103,Banks,UAPP,United Australia Party,32783,WRIGHT,Reginald Keith,N,N
NSW,251,Watson,UAPP,United Australia Party,32876,WRIGHTSON,Dean,N,N
NSW,315,McMahon,UAPP,United Australia Party,33319,WRIGHTSON,Meg Libby,N,N
NSW,151,Warringah,UAPP,United Australia Party,32785,WRIGHTSON,Suellen Marree,N,N
WA,305,Hasluck,LP,Liberal,33410,WYATT,Ken,Y,Y
VIC,205,Chisholm,ALP,Australian Labor Party,32301,YANG,Jennifer,N,N
VIC,221,Kooyong,IND,Independent,32077,YATES,Oliver,N,N
VIC,229,Menzies,ALP,Australian Labor Party,32302,YEE,Stella,N,N
WA,246,Stirling,ON,Pauline Hanson's One Nation,33599,YOUNG,Angus,N,N
TAS,195,Franklin,LP,Liberal,32116,YOUNG,Dean,N,N
QLD,302,Longman,AUP,Australian Progressives,32722,YOUNG,Jono,N,N
QLD,302,Longman,LNP,Liberal National Party of Queensland,33384,YOUNG,Terry,Y,N
NSW,114,Cunningham,UAPP,United Australia Party,32810,YOUNGER,Grace Louise,N,N
NSW,148,Shortland,CDP,Christian Democratic Party (Fred Nile Group),33479,YU,Xing,N,N
ACT,101,Canberra,LP,Liberal,32881,ZAKI,Mina,N,N
NSW,251,Watson,LP,Liberal,33309,ZAMAN,Mohammad,N,N
SA,187,Makin,ALP,Australian Labor Party,32838,ZAPPIA,Tony,Y,Y
NSW,251,Watson,FUT,Science Party,32492,ZENG,Raymond,N,N
NSW,105,Bennelong,GRN,The Greens,32585,ZHANG,Qiu Yue,N,N
NSW,130,Lyne,CDP,Christian Democratic Party (Fred Nile Group),33482,ZHAO,Catherine,N,N
NSW,137,North Sydney,LP,Liberal,33165,ZIMMERMAN,Trent,Y,Y
QLD,304,Blair,UAPP,United Australia Party,32903,ZIMPEL,Majella,N,N
VIC,205,Chisholm,UAPP,United Australia Party,32347,ZORAYA,George,N,N
VIC,221,Kooyong,IND,Independent,24869,ZUBAC,Angelina,N,N
