2019 Federal Election Senate Informal Votes By State [Event:24310 Phase:FinalResults Generated:2019-07-30T11:10:31 Cycle:02109509-c159-4199-88f6-389818be8a1c Created:2019-07-26T10:57:31 Environment:PROD Site:CANBERRA Server:TALLYROOM Version:10.7.17.56581]
StateAb,StateNm,FormalVotes,InformalVotes,TotalVotes,InformalPercent,InformalSwing
NSW,New South Wales,4695326,210146,4905472,4.28,-0.25
VIC,Victoria,3739443,156793,3896236,4.02,-0.18
QLD,Queensland,2901464,97908,2999372,3.26,-0.14
WA,Western Australia,1446623,50909,1497532,3.4,0.05
SA,South Australia,1094823,39733,1134556,3.5,0.17
TAS,Tasmania,351988,13284,365272,3.64,0.16
ACT,Australian Capital Territory,270231,6420,276651,2.32,0.11
NT,Northern Territory,105027,3967,108994,3.64,0.31
