2019 Federal Election Senate Candidates [Event:24310 Phase:FinalResults Generated:2019-07-30T11:10:30 Cycle:02109509-c159-4199-88f6-389818be8a1c Created:2019-07-26T10:57:31 Environment:PROD Site:CANBERRA Server:TALLYROOM Version:10.7.17.56581]
StateAb,PartyAb,PartyNm,CandidateID,Surname,GivenNm,Elected,HistoricElected
QLD,FACN,FRASER ANNING'S CONSERVATIVE NATIONAL PARTY,33613,ABSOLON,Mark,N,N
SA,HMP,Help End Marijuana Prohibition (HEMP) Party,33096,ADAMS,Angela,N,N
SA,GAP,The Great Australian Party,33465,ALDRIDGE,Mark,N,N
SA,CEC,Citizens Electoral Council,32502,ALLWOOD,Sean,N,N
ACT,SPP,Sustainable Australia,32256,ANGEL,Joy,N,N
QLD,FACN,FRASER ANNING'S CONSERVATIVE NATIONAL PARTY,33603,ANNING,Fraser,N,Y
SA,LP,Liberal,33176,ANTIC,Alex,Y,N
WA,FACN,FRASER ANNING'S CONSERVATIVE NATIONAL PARTY,32449,ARCHIBALD,David,N,N
NSW,PIR,Pirate Party,33544,AUGUST,John,N,N
NSW,ALP,Labor,33439,AYRES,Tim,Y,N
VIC,SOL,Climate Action! Immigration Action! Accountable Politicians!,32171,AYTON,Philip John,N,N
VIC,ACP,Australian Conservatives,32099,BAILEY,Kevin,N,N
NSW,IND,Independent,32078,BAKER,Phil,N,N
NSW,HMP,Help End Marijuana Prohibition (HEMP) Party,33636,BALDERSTONE,Michael,N,N
NSW,LAOL,Love Australia or Leave,33154,BARBER,Russell,N,N
VIC,GVIC,The Greens (VIC),32322,BARNES,Alice,N,N
WA,SPP,Sustainable Australia,32471,BARTLETT,Yasmin Maree,N,N
QLD,UAPP,United Australia Party,32767,BATZKE,Yodie,N,N
TAS,ABFA,Australian Better Families,32970,BECK,Greg,N,N
NSW,IND,Independent,33655,BELL,Wayne Lyndsay,N,N
NSW,AJP,Animal Justice Party,32913,BELLENGER,Carol,N,N
NSW,UAPP,United Australia Party,32935,BERNIER,Christine Pamela,N,N
QLD,GRN,The Greens,33068,BERTRAM,Miranda,N,N
VIC,IND,Independent,33660,BETTS,Kenneth Gordon,N,N
TAS,AJP,Animal Justice Party,32804,BEVIS,Karen Louise,N,N
TAS,ALP,Australian Labor Party,32586,BILYK,Catryna,Y,Y
ACT,FACN,FRASER ANNING'S CONSERVATIVE NATIONAL PARTY,33584,BIRKETT,Scott,N,N
WA,NP,The Nationals,32733,BLAKE,Siobhan,N,N
NSW,ASP,"Shooters, Fishers and Farmers",32755,BORSAK,Wayne,N,N
NSW,ACP,Australian Conservatives,32119,BOSI,Riccardo,N,N
SA,XEN,Centre Alliance,33067,BOSSIE,Craig,N,N
WA,LP,Liberal,33393,BOTHA,Trischa,N,N
NSW,SPP,Sustainable Australia,32971,BOURKE,William,N,N
VIC,DLP,Labour DLP,32445,BOWDEN,Jennifer A,N,N
NSW,ICAN,Independents For Climate Action Now,32154,BOWER,Rod,N,N
QLD,AWP,Australian Workers Party,33628,BRADLEY,Gregory John,N,N
WA,WAP,WESTERN AUSTRALIA PARTY,33365,BRADLEY,Rod,N,N
NSW,LP,Liberal,33051,BRAGG,Andrew,Y,N
WA,ACP,Australian Conservatives,32176,BRAZIER,Matt,N,N
VIC,DLP,Labour DLP,32454,BREAKWELL,Kathryn,N,N
QLD,UAPP,United Australia Party,32764,BREWSTER,Martin David,N,N
VIC,PIR,Pirate Party,32963,BRIESE,Tania,N,N
WA,LP,Liberal,33383,BROCKMAN,Slade,Y,Y
TAS,ALP,Australian Labor Party,32578,BROWN,Carol,Y,Y
VIC,ALA,Yellow Vest Australia,33606,BROWN,Siobhann,N,N
QLD,LDP,Liberal Democrats,33593,BUCKLEY,Gabe,N,N
NSW,AUD,Australian Democrats,32673,BUCKMAN,Chris,N,N
QLD,SOL,Climate Action! Immigration Action! Accountable Politicians!,32331,BULLEN,Kris,N,N
NSW,GAP,The Great Australian Party,33301,BURGE,Karen,N,N
NT,CLP,Country Liberals (NT),33006,BURGOYNE,Joshua,N,N
NSW,IMO,Involuntary Medication Objectors (Vaccination/Fluoride) Party,33315,BURNUM BURNUM,Marelle,N,N
SA,AUD,Australian Democrats,33073,BURROW,Tim,N,N
NSW,UAPP,United Australia Party,32933,BURSTON,Brian,N,Y
NSW,CEC,Citizens Electoral Council,32142,BUTLER,Robert,N,N
TAS,ASP,"Shooters, Fishers and Farmers",33018,BYFIELD,Rebecca Anthea,N,N
WA,GRN,The Greens (WA),32166,CAHILL,Jordan Louise,N,N
QLD,FACN,FRASER ANNING'S CONSERVATIVE NATIONAL PARTY,33615,CAMERON,Brad,N,N
VIC,ON,Pauline Hanson's One Nation,32179,CAMERON,Ian John,N,N
VIC,GVIC,The Greens (VIC),32330,CAMERON,Judy,N,N
QLD,LNP,Liberal National Party of Queensland,33223,CAMM,Amanda,N,N
WA,FACN,FRASER ANNING'S CONSERVATIVE NATIONAL PARTY,32452,CAMPBELL,Meredith Melinda,N,N
NT,CEC,Citizens Electoral Council,32936,CAMPBELL,Trudy,N,N
WA,IND,Independent,32268,CAREW-HOPKINS,Brian,N,N
NSW,IND,Independent,33659,CARMICHAEL,John William,N,N
VIC,FLUX,VOTEFLUX.ORG | Upgrade Democracy!,32739,CARRIE-WILSON,Seb,N,N
WA,ACP,Australian Conservatives,32175,CASTIEAU,Peter,N,N
SA,AUD,Australian Democrats,33075,CASTRIQUE,Andrew,N,N
QLD,ABFA,Australian Better Families,33562,CAULFIELD,Darren,N,N
TAS,LP,Liberal,32204,CHANDLER,Claire,Y,N
VIC,,,33580,CHANDRA,Sunny,N,N
NSW,ALP,Labor,33447,CHANDRALA,Aruna,N,N
NSW,GRN,The Greens,32460,CHIA,Roz,N,N
VIC,ALP,Australian Labor Party,32125,CICCONE,Raffaele,Y,Y
NSW,GRN,The Greens,32457,CLARK,Philippa,N,N
TAS,LP,Liberal,32199,COLBECK,Richard,Y,Y
SA,SPP,Sustainable Australia,33090,COLEMAN,Robyn,N,N
VIC,AUD,Australian Democrats,32108,COLLYER,David,N,N
VIC,RPA,Republican Party of Australia,32105,CONSANDINE,Peter,N,N
NSW,ASP,"Shooters, Fishers and Farmers",32748,COOKE,Brett,N,N
VIC,ICAN,Independents For Climate Action Now,32480,CORDNER HUNT,Kammy,N,N
NSW,FLUX,VOTEFLUX.ORG | Upgrade Democracy!,33405,COTTERILL,Joanne,N,N
QLD,AJP,Animal Justice Party,32361,COUTTS,Leah Marie,N,N
ACT,IND,Independent,32090,COWTON,Gary,N,N
SA,IND,Independent,33583,COX,Henry,N,N
WA,ACP,Australian Conservatives,32172,CRABTREE,Jonathan,N,N
WA,NMP,Health Australia Party,32700,CRAIES,Teddy,N,N
VIC,ALP,Australian Labor Party,32132,CRAWFORD,Louise,N,N
VIC,RUA,Rise Up Australia Party,32373,CRESTANI,Rosalie,N,N
NSW,IND,Independent,33627,CROSSMAN,Carolyn J,N,N
WA,GAP,The Great Australian Party,33428,CULLETON,Rodney Norman,N,N
NSW,NP,The Nationals,33055,DAVEY,Perin,Y,N
SA,AJP,Animal Justice Party,33456,DAVEY,Wendy,N,N
ACT,GRN,The Greens,32212,DAVIDSON,Emma,N,N
SA,SPP,Sustainable Australia,33088,DAVIES,Graham,N,N
NSW,SEP,Socialist Equality Party,33017,DAVIS,John,N,N
WA,PIR,Pirate Party,33423,de ABEL,Paul,N,N
NSW,TWP,The Women's Party,32136,De VENDRE,Divvi,N,N
NSW,SOL,Climate Action! Immigration Action! Accountable Politicians!,32123,DEBENHAM,Nick,N,N
NSW,AJP,Animal Justice Party,32905,DELLO-IACOVO,Michael Armando,N,N
TAS,LP,Liberal,32226,DENISON,Tanya,N,N
VIC,IND,Independent,33635,DICKS,Max,N,N
NT,FACN,FRASER ANNING'S CONSERVATIVE NATIONAL PARTY,33657,DICKSON,Mark James,N,N
QLD,ON,Pauline Hanson's One Nation,32538,DICKSON,Steve,N,N
WA,ALP,Australian Labor Party,32915,DODSON,Patrick,Y,Y
VIC,SPP,Sustainable Australia,32359,DOENSEN,Allan,N,N
VIC,ALP,Australian Labor Party,32131,DOUGLAS,Karen,N,N
NSW,TSBP,The Small Business Party,32113,DOUSKOU,Fiona,N,N
NSW,IND,Independent,33667,DOYLE,Graeme Barry,N,N
NSW,ABFA,Australian Better Families,33024,DRURY,Jewell,N,N
WA,LDP,Liberal Democrats,33640,Du PREEZ,Wesley Jerome,N,N
NSW,SUN,Seniors United Party of Australia,32987,DUCKER,Helen,N,N
TAS,SPP,Sustainable Australia,32848,DUDLEY,Todd William,N,N
TAS,,,33504,DUNCAN,Mark,N,N
SA,FACN,FRASER ANNING'S CONSERVATIVE NATIONAL PARTY,33518,DWYER,Tim,N,N
NT,,,33648,EARLEY,Braedon,N,N
VIC,GAP,The Great Australian Party,33622,EDWARDS,Helen Maxine,N,N
QLD,GRN,The Greens,33066,ELLIS,Raelene,N,N
NSW,GRN,The Greens,32462,ELLSMORE,Sylvie,N,N
VIC,AWP,Australian Workers Party,32930,EVERARD,Narelle,N,N
NSW,NMP,Health Australia Party,32994,FAIRBAIRN,Jason,N,N
TAS,FACN,FRASER ANNING'S CONSERVATIVE NATIONAL PARTY,32992,FALZON,Frank,N,N
NSW,IND,Independent,33662,FARAJ,Hussein,N,N
WA,NP,The Nationals,32730,FARDELL,Nick,N,N
NSW,NP,The Nationals,33071,FARRAWAY,Sam,N,N
NSW,GRN,The Greens,32442,FARUQI,Mehreen,Y,Y
SA,LP,Liberal,33169,FAWCETT,David,Y,Y
NSW,LP,Liberal,33062,FENELEY,Michael,N,N
QLD,ABFA,Australian Better Families,33565,FINCH,Adam,N,N
TAS,ALP,Australian Labor Party,32631,FLANAGAN,Robert,N,N
TAS,IND,Independent,33619,FLANNERY,Francis,N,N
NT,CEC,Citizens Electoral Council,32941,FLYNN,Peter,N,N
NSW,SOL,Climate Action! Immigration Action! Accountable Politicians!,32126,FORSYTH,Guy,N,N
QLD,ABFA,Australian Better Families,33569,FOX,Rod,N,N
TAS,ACP,Australian Conservatives,32093,FRAME,Nigel,N,N
VIC,ALA,Yellow Vest Australia,33611,FRANKLIN,Terri,N,N
WA,WAP,WESTERN AUSTRALIA PARTY,33357,FREILICH,David John,N,N
WA,ALP,Australian Labor Party,32944,FRENCH,Thomas,N,N
NSW,FUT,Science Party,32803,FURNESS,Peter,N,N
SA,ALP,Australian Labor Party,33003,GALLACHER,Alex,Y,Y
ACT,ALP,Australian Labor Party,32588,GALLAGHER,Katy,Y,N
SA,ON,Pauline Hanson's One Nation,33040,GAME,Jennifer,N,N
TAS,,,33487,GARLAND,Craig,N,N
VIC,AWP,Australian Workers Party,32938,GAYNOR,Kevin Joseph,N,N
NSW,APEP,Australian People's Party,33231,GEORGANTIS,Steven,N,N
WA,ON,Pauline Hanson's One Nation,33445,GEORGIOU,Peter,N,Y
NSW,SUN,Seniors United Party of Australia,32984,GERANTONIS,Paul,N,N
WA,ALP,Australian Labor Party,32952,GHOSH,Varun,N,N
QLD,IND,Independent,33344,GHULAM,Hassan,N,N
SA,LP,Liberal,33193,GICHUHI,Lucy,N,Y
QLD,ALP,Australian Labor Party,33046,GILBERT,Frank,N,N
NT,GRN,The Greens,33025,GILL,Lia Ngaree,N,N
VIC,HMP,Help End Marijuana Prohibition (HEMP) Party,32904,GLADMAN,Heather Marie,N,N
WA,GAP,The Great Australian Party,33433,GLEW,Wayne Kenneth,N,N
VIC,NMP,Health Australia Party,32275,GOLDEN,Isaac,N,N
SA,ALP,Australian Labor Party,33023,GORE,Emily,N,N
WA,ALA,Yellow Vest Australia,33644,GORMAN,Catherine,N,N
VIC,TSBP,The Small Business Party,32107,GRAHAM,Peter,N,N
WA,LDP,Liberal Democrats,33637,GRAY,John Patrick,N,N
QLD,ALP,Australian Labor Party,33041,GREEN,Nita,Y,N
NSW,SPP,Sustainable Australia,32972,GRZIC,Warren,N,N
ACT,LP,Liberal,32779,GUNNING,Robert,N,N
TAS,UAPP,United Australia Party,32488,GUNNIS,Craig,N,N
NSW,IND,Independent,32363,HADDAD,Chifley,N,N
SA,ASP,"Shooters, Fishers and Farmers",33035,HAHN,John,N,N
VIC,ON,Pauline Hanson's One Nation,32174,HALLAM,James,N,N
NSW,DLP,Democratic Labour Party,33424,HANNA,Daniel John,N,N
SA,GRN,The Greens,33049,HANSON-YOUNG,Sarah,Y,Y
WA,UAPP,United Australia Party,32468,HARDWICK,Patrick John,N,N
QLD,AJP,Animal Justice Party,32367,HARDY,Belinda,N,N
WA,SAL,Socialist Alliance,33455,HARLEY,Petrina,N,N
NT,RUA,Rise Up Australia Party,32988,HARRIS,Leslie,N,N
SA,ALP,Australian Labor Party,33026,HARRISON,Larissa,N,N
QLD,IND,Independent,33077,HASLER,Jane,N,N
ACT,SPP,Sustainable Australia,32254,HAYDON,John,N,N
QLD,RUA,Rise Up Australia Party,33597,HEALY,Graham,N,N
QLD,RUA,Rise Up Australia Party,33598,HENAWAY,Lionel,N,N
WA,AJP,Animal Justice Party,32438,HENRY,Courtney,N,N
WA,ALP,Australian Labor Party,32950,HERBERT,Alana,N,N
VIC,NMP,Health Australia Party,32279,HICKS,Andrew,N,N
TAS,NP,The Nationals,32466,HILDITCH,Wendy,N,N
VIC,DHJP,Derryn Hinch's Justice Party,32101,HINCH,Derryn,N,Y
QLD,ASP,"Shooters, Fishers and Farmers",33243,HODGES,Jeff,N,N
ACT,UAPP,United Australia Party,32248,HODGSON,Rebecah Elen,N,N
VIC,HMP,Help End Marijuana Prohibition (HEMP) Party,32877,HOOD,Frances,N,N
QLD,CEC,Citizens Electoral Council,32185,HOPE,Danny,N,N
NSW,GAP,The Great Australian Party,33282,HOPKINS,Matthew,N,N
VIC,LP,Liberal,33002,HOPPITT,Kyle,N,N
QLD,ACP,Australian Conservatives,32383,HORAN,Kate,N,N
SA,UAPP,United Australia Party,32999,HOSKIN,Sharon Lee,N,N
ACT,IND,Independent,33618,HOUSTON,Nick,N,N
NSW,LP,Liberal,33033,HUGHES,Hollie,Y,N
SA,LDP,Liberal Democrats,33652,HUMBLE,Stephen,N,N
VIC,LP,Liberal,33008,HUME,Jane,Y,Y
WA,IND,Independent,32487,HUTCHINSON,Glenn,N,N
TAS,GRN,The Greens,32826,HUTCHINSON,Helen,N,N
SA,ON,Pauline Hanson's One Nation,33043,ILLIES,Emma,N,N
TAS,HMP,Help End Marijuana Prohibition (HEMP) Party,32995,INFORMAL,Alfred,N,N
VIC,CEC,Citizens Electoral Council,32150,ISHERWOOD,Craig,N,N
SA,HMP,Help End Marijuana Prohibition (HEMP) Party,33097,IVERSEN,Matthew,N,N
NSW,GRN,The Greens,32448,JACOBS,Rachael,N,N
QLD,HMP,Help End Marijuana Prohibition (HEMP) Party,33133,JIGGENS,John,N,N
NT,,,33646,JOHNSON,Crystal,N,N
QLD,,,33624,JOHNSTON,Hetty,N,N
NSW,IND,Independent,32177,JOHNSTONE,Pamela,N,N
TAS,FACN,FRASER ANNING'S CONSERVATIVE NATIONAL PARTY,32990,JONES,Michael,N,N
WA,IND,Independent,32181,JONES,Murray Victor,N,N
QLD,HMP,Help End Marijuana Prohibition (HEMP) Party,33143,JORDAN,Frank,N,N
WA,AUC,Australian Christians,32429,JOUBERT,Ellen,N,N
NSW,PIR,Pirate Party,33546,JOYCE,Sara,N,N
SA,XEN,Centre Alliance,33065,KAKOSCHKE-MOORE,Skye,N,N
NSW,HMP,Help End Marijuana Prohibition (HEMP) Party,33634,KATELARIS,Andrew,N,N
NT,HMP,Help End Marijuana Prohibition (HEMP) Party,33072,KAVASILAS,Andrew,N,N
QLD,AJP,Animal Justice Party,32357,KELLY,Karagh-Mae,N,N
VIC,TSBP,The Small Business Party,32106,KEMP,Simon,N,N
QLD,GRN,The Greens,33070,KENNEDY,Kirsten,N,N
VIC,LDP,Liberal Democrats,33610,KENNEDY,Robert,N,N
ACT,,,33576,KENT,Gary,N,N
QLD,ALP,Australian Labor Party,33044,KETTER,Chris,N,Y
WA,GRN,The Greens (WA),32161,KHADKA,Bhuwan,N,N
ACT,CDP,Christian Democratic Party (Fred Nile Group),33651,KIM,David,N,N
WA,NP,The Nationals,32738,KINGSTON,Louise,N,N
NSW,TTP,The Together Party,32362,KINKEAD,Belinda,N,N
WA,IMO,Involuntary Medication Objectors (Vaccination/Fluoride) Party,32815,KINSELLA,Michelle,N,N
SA,ASP,"Shooters, Fishers and Farmers",33038,KIRK,Wayne Lawrence,N,N
NSW,IND,Independent,32173,KIRKWOOD,Michael,N,N
QLD,GRN,The Greens,33064,KLOOT,Johanna,N,N
NSW,NMP,Health Australia Party,32981,KNIGHT,Molly,N,N
VIC,SOL,Climate Action! Immigration Action! Accountable Politicians!,32169,KOMPARA,Monika,N,N
SA,UAPP,United Australia Party,32998,KOVACS,Kerry,N,N
TAS,CEC,Citizens Electoral Council,32890,KUCINA,Steve,N,N
NT,ALP,Australian Labor Party (Northern Territory) Branch,32958,KURNORTH,Wayne,N,N
ACT,GRN,The Greens,32210,KYBURZ,Penny,N,N
QLD,IMO,Involuntary Medication Objectors (Vaccination/Fluoride) Party,32188,LAHN,Allona,N,N
TAS,ON,Pauline Hanson's One Nation,32791,LAMBERT,Adam,N,N
SA,ACP,Australian Conservatives,32087,LAMBERT,Rikki,N,N
TAS,JLN,Jacqui Lambie Network,32864,LAMBIE,Jacqui,Y,N
QLD,IND,Independent,32092,LARCOMBE,Paul,N,N
NSW,CEC,Citizens Electoral Council,32141,LAWLER,Ann,N,N
NT,HMP,Help End Marijuana Prohibition (HEMP) Party,33076,LAWRENCE,Lance,N,N
NSW,IND,Independent,33126,LAZARUS,Sandra,N,N
WA,ASP,"Shooters, Fishers and Farmers",32485,LEAN,Ronald,N,N
NSW,FUT,Science Party,32777,LEONG,Andrea,N,N
SA,IND,Independent,33661,LESIW,Michael,N,N
WA,HMP,Help End Marijuana Prohibition (HEMP) Party,33630,LETHBRIDGE,Nick,N,N
QLD,ICAN,Independents For Climate Action Now,33638,LEWIS,Andrew,N,N
NSW,ALP,Labor,33441,LI,Jason Yat-Sen,N,N
QLD,ACP,Australian Conservatives,32376,LINDGREN,Joanna,N,N
NSW,TWP,The Women's Party,32138,LLOYD,Penelope,N,N
QLD,IND,Independent,33663,LO-DEAN,Debby,N,N
QLD,ICAN,Independents For Climate Action Now,33641,LOKKERS,Cornel,N,N
WA,GRN,The Greens (WA),32158,LONSDALE,Heather,N,N
WA,AJP,Animal Justice Party,32436,LOVE,Katrina,N,N
VIC,RPA,Republican Party of Australia,32104,LUTZ,Geoff,N,N
QLD,LNP,Liberal National Party of Queensland,33219,MACDONALD,Ian,N,Y
TAS,SPP,Sustainable Australia,32854,MACLAY,Christopher Brian,N,N
NSW,AUD,Australian Democrats,32662,MAILLER,Pete,N,N
QLD,ALP,Australian Labor Party,33047,MAJOR,Tania,N,N
SA,FACN,FRASER ANNING'S CONSERVATIVE NATIONAL PARTY,33514,MANUEL,Peter,N,N
QLD,KAP,Katter's Australian Party (KAP),32539,MARRIOTT,Joy,N,N
TAS,GRN,The Greens,32835,MARSH,Simone,N,N
VIC,ALP,Australian Labor Party,32128,MARSHALL,Gavin,N,Y
QLD,GAP,The Great Australian Party,33623,MARTIN,Arjay Rase,N,N
TAS,NP,The Nationals,32463,MARTIN,Steve,N,Y
WA,CEC,Citizens Electoral Council,32381,MASON,Barry,N,N
WA,WAP,WESTERN AUSTRALIA PARTY,33353,MATHESON,Julie,N,N
SA,GAP,The Great Australian Party,33467,MATTHEWS,Gary,N,N
TAS,IND,Independent,32178,MAV,Steve,N,N
VIC,FACN,FRASER ANNING'S CONSERVATIVE NATIONAL PARTY,32523,MAZALEVSKIS,Rita,N,N
NSW,SAL,Socialist Alliance,32704,McALEAR,Joel,N,N
QLD,IND,Independent,33552,McARTHUR-WILLIAMS,Nicholas,N,N
NT,ALP,Australian Labor Party (Northern Territory) Branch,32955,McCARTHY,Malarndirri,Y,Y
VIC,DLP,Labour DLP,32453,McCORMACK,Chris,N,N
NSW,ON,Pauline Hanson's One Nation,32110,McCULLOCH,Kate,N,N
WA,UAPP,United Australia Party,32459,McDONALD,James,N,N
QLD,LNP,Liberal National Party of Queensland,33204,MCDONALD,Susan,Y,N
NSW,TTP,The Together Party,32378,McDOWELL,Kate,N,N
VIC,IND,Independent,33643,McINNIS,Murray,N,N
VIC,UAPP,United Australia Party,32276,McKAY,Roger,N,N
TAS,GRN,The Greens,32818,McKIM,Nick,Y,Y
NT,CLP,Country Liberals (NT),33001,McMAHON,Sam,Y,N
NT,UAPP,United Australia Party,32884,McROBERT,Ross Thomas,N,N
VIC,AJP,Animal Justice Party,32478,McROSTIE,Fiona,N,N
TAS,LDP,Liberal Democrats,33009,MEAD,Clinton,N,N
NSW,LP,Liberal,33058,MOLAN,Jim,N,Y
QLD,GAP,The Great Australian Party,33626,MOOHIN,Tania,N,N
QLD,,,33589,MOORE,Cartia,N,N
QLD,,,33587,MOORE,Tony R,N,N
NSW,UAPP,United Australia Party,32939,MOORE,Wayne,N,N
TAS,UAPP,United Australia Party,32477,MORGAN,Kevin,N,N
VIC,IND,Independent,33406,MORRIS,Karl F,N,N
NSW,ABFA,Australian Better Families,33039,MOUJALLI,Peter,N,N
VIC,ASP,"Shooters, Fishers and Farmers",32945,MUIR,Ricky,N,N
VIC,LP,Liberal,33013,MULCAHY,Julian,N,N
WA,AMHP,The Australian Mental Health Party,32183,MULLINGS,Ben,N,N
QLD,,,33625,MUREAU,Sue,N,N
QLD,IND,Independent,33631,MURPHY,Amanda,N,N
VIC,CDP,Christian Democratic Party (Fred Nile Group),33454,MURPHY,Kevin,N,N
QLD,SPP,Sustainable Australia,32974,MURRAY,Cameron,N,N
WA,PIR,Pirate Party,33421,MYERS,Clive,N,N
VIC,RUA,Rise Up Australia Party,32377,NALLIAH,Daniel,N,N
NSW,LDP,Liberal Democrats,32980,NEVILLE,Codie,N,N
NSW,AWP,Australian Workers Party,33005,NGUYEN,Maria,N,N
NSW,RUA,Rise Up Australia Party,33408,NICHOLS,Maree,N,N
NSW,CDP,Christian Democratic Party (Fred Nile Group),33078,NILE,Silvana,N,N
WA,WAP,WESTERN AUSTRALIA PARTY,33362,NORRIS,Ron,N,N
NSW,DLP,Democratic Labour Party,33427,O'BRIEN,Benedict Raymond Thomas,N,N
NSW,IND,Independent,33664,O'BRIEN,David J,N,N
VIC,DHJP,Derryn Hinch's Justice Party,32103,O'BRIEN,Simone,N,N
VIC,GAP,The Great Australian Party,33620,O'BRYAN,Darryl,N,N
VIC,UAPP,United Australia Party,32265,O'CONNOR,Katie Lucinda,N,N
SA,IND,Independent,33502,O'DONNELL,Brett,N,N
NSW,IMO,Involuntary Medication Objectors (Vaccination/Fluoride) Party,33312,O'NEILL,Michael,N,N
VIC,LDP,Liberal Democrats,33604,O'SULLIVAN,Kirsty Maree,N,N
WA,LP,Liberal,33387,O'SULLIVAN,Matt,Y,N
WA,ASP,"Shooters, Fishers and Farmers",32483,OSTLE,Stuart William,N,N
TAS,HMP,Help End Marijuana Prohibition (HEMP) Party,32997,OWEN,Matt,N,N
QLD,UAPP,United Australia Party,32759,PALMER,Clive,N,N
NSW,FUT,Science Party,32816,PARKER,Greg,N,N
VIC,LP,Liberal,33012,PATERSON,James,Y,Y
VIC,CDP,Christian Democratic Party (Fred Nile Group),33449,PAYNE,Bob,N,N
QLD,ICAN,Independents For Climate Action Now,33642,PEAD,Gary,N,N
WA,IND,Independent,32961,PEGRUM,Valentine-Clive,N,N
NSW,ALP,Labor,33443,PENGELLY,Simonne,N,N
VIC,SPA,Secular Party of Australia,32455,PERKINS,John L,N,N
VIC,FLUX,VOTEFLUX.ORG | Upgrade Democracy!,32736,PERRY,Dustin,N,N
ACT,,,33572,PESEC,Anthony,N,N
VIC,CEC,Citizens Electoral Council,32147,PEUT,Gabrielle,N,N
SA,AJP,Animal Justice Party,33451,PFEIFFER,Louise,N,N
NSW,SEP,Socialist Equality Party,33015,PHILLIPS,Richard,N,N
VIC,SEP,Socialist Equality Party,32134,PIETSCH,Tessa,N,N
NT,RUA,Rise Up Australia Party,32985,PILE,Jan,N,N
NSW,AJP,Animal Justice Party,32897,POLLARD,Angela,N,N
QLD,ASP,"Shooters, Fishers and Farmers",33263,POPE,Andrew,N,N
NSW,AAHP,Affordable Housing Party,32180,POTTS,Andrew,N,N
WA,ALP,Australian Labor Party,32926,PRATT,Louise,Y,Y
NSW,SAL,Socialist Alliance,32697,PRICE,Susan,N,N
VIC,GVIC,The Greens (VIC),32314,PROCTOR,Claire,N,N
NSW,AWP,Australian Workers Party,33000,PTOLEMY,Mark,N,N
QLD,CEC,Citizens Electoral Council,32184,PUKALLUS,Jan,N,N
TAS,LDP,Liberal Democrats,33011,RABEY,Matthew,N,N
VIC,NP,The Nationals,33004,RANK,Anita,N,N
SA,LDP,Liberal Democrats,33650,RANSLEY,Kimbra Louise,N,N
WA,HMP,Help End Marijuana Prohibition (HEMP) Party,33632,RAYNER,Mark,N,N
NSW,ON,Pauline Hanson's One Nation,32111,REED,Barry,N,N
SA,UAPP,United Australia Party,32996,REES,Kristian,N,N
QLD,LNP,Liberal National Party of Queensland,33213,RENNICK,Gerard,Y,N
TAS,JLN,Jacqui Lambie Network,32873,REYNOLDS,Chris,N,N
WA,LP,Liberal,33373,REYNOLDS,Linda,Y,Y
VIC,GVIC,The Greens (VIC),32295,RICE,Janet,Y,Y
QLD,ON,Pauline Hanson's One Nation,32537,ROBERTS,Malcolm,Y,N
TAS,ALP,Australian Labor Party,32622,ROBERTS,Wayne,N,N
WA,ALA,Yellow Vest Australia,33645,ROBINSON,Debbie,N,N
WA,CEC,Citizens Electoral Council,32280,ROBINSON,Jean,N,N
NSW,IND,Independent,33666,ROMANOUS,John John,N,N
QLD,IMO,Involuntary Medication Objectors (Vaccination/Fluoride) Party,32189,ROWE,Adam,N,N
SA,GRN,The Greens,33057,ROZITISOLDS,Gwydion,N,N
NSW,FLUX,VOTEFLUX.ORG | Upgrade Democracy!,33401,RUSHTON,Ben,N,N
QLD,LDP,Liberal Democrats,33594,RUSSELL,Lloyd T J,N,N
SA,LP,Liberal,33158,RUSTON,Anne,Y,Y
VIC,GVIC,The Greens (VIC),32307,SABARATNAM,Apsara,N,N
WA,SAL,Socialist Alliance,33459,SALMON,Alex,N,N
QLD,FACN,FRASER ANNING'S CONSERVATIVE NATIONAL PARTY,33614,SANDFORD,Nancy Louise,N,N
VIC,ALP,Australian Labor Party,32129,SARWARA,Parvinder,N,N
QLD,LNP,Liberal National Party of Queensland,33196,SCARR,Paul,Y,N
QLD,ALP,Australian Labor Party,33048,SCHINNERL,Stacey,N,N
NSW,ICAN,Independents For Climate Action Now,32162,SCHNEIDER,Annette,N,N
VIC,AJP,Animal Justice Party,32475,SCHULTZ,Ben,N,N
WA,SPP,Sustainable Australia,32474,SCOTT,Colin Robert,N,N
QLD,PIR,Pirate Party,33577,SELIC,Brandon,N,N
ACT,LP,Liberal,32766,SESELJA,Zed,Y,Y
SA,GRN,The Greens,33059,SETO,Robyn,N,N
WA,UAPP,United Australia Party,32461,SEWELL,Russell,N,N
QLD,IND,Independent,33079,SHARPE,Gary Robert,N,N
NSW,CLR,Country Labor,33472,SHEAHAN,Charlie,N,N
NSW,ALP,Labor,33434,SHELDON,Tony,Y,N
QLD,ACP,Australian Conservatives,32374,SHELTON,Lyle,N,N
NSW,RUA,Rise Up Australia Party,33412,SHIGROV,Vladimir,N,N
TAS,ALP,Australian Labor Party,32603,SHORT,John,N,N
QLD,GRN,The Greens,33061,SIDHU,Navdeep Singh,N,N
SA,CEC,Citizens Electoral Council,32498,SIEBERT,Paul Graham,N,N
QLD,SPP,Sustainable Australia,32977,SIMPSON,Chris,N,N
TAS,ALP,Australian Labor Party,32616,SINGH,Lisa,N,Y
NSW,FUT,Science Party,32790,SLAVICH,Eve,N,N
SA,ALP,Australian Labor Party,33020,SMITH,Marielle,Y,N
VIC,PIR,Pirate Party,32965,SMITH,Shannon,N,N
NSW,LDP,Liberal Democrats,32979,SPENDER,Duncan,N,Y
NT,GRN,The Greens,33022,SRI,Anna,N,N
WA,GRN,The Greens (WA),32151,STEELE-JOHN,Jordon,Y,Y
NSW,GRN,The Greens,32456,STEER,Louise,N,N
TAS,ON,Pauline Hanson's One Nation,32768,STEPHEN,Matthew,N,N
VIC,FACN,FRASER ANNING'S CONSERVATIVE NATIONAL PARTY,32519,STEVENS,Bruce,N,N
QLD,AMHP,The Australian Mental Health Party,33116,STEVENSON,Paul Joseph,N,N
QLD,SOL,Climate Action! Immigration Action! Accountable Politicians!,32349,STEVENSON,Robyn Lesley,N,N
VIC,ASP,"Shooters, Fishers and Farmers",32947,STOCK,Damian,N,N
TAS,LAOL,Love Australia or Leave,32969,STREET,Karen,N,N
TAS,ACP,Australian Conservatives,32091,STRINGER,Justin,N,N
VIC,SPA,Secular Party of Australia,32450,SULTAN,Harris,N,N
SA,GRN,The Greens,33054,SUMNER,Major Moogy,N,N
WA,ON,Pauline Hanson's One Nation,33448,SUTER,Martin Graham,N,N
NSW,FACN,FRASER ANNING'S CONSERVATIVE NATIONAL PARTY,32976,SWANN,Paul,N,N
TAS,ASP,"Shooters, Fishers and Farmers",33021,SWANSON,Kim,N,N
NSW,TTP,The Together Party,32344,SWIVEL,Mark,N,N
WA,FLUX,VOTEFLUX.ORG | Upgrade Democracy!,33485,TAAFFE,Melissa,N,N
NSW,ICAN,Independents For Climate Action Now,32159,TAIT,Jim,N,N
QLD,FACN,FRASER ANNING'S CONSERVATIVE NATIONAL PARTY,33607,TAYLOR,Paul Arthur Simon,N,N
QLD,DLP,Labour DLP,33283,TEMPLE,Lindsay,N,N
SA,ACP,Australian Conservatives,32088,TEUSNER,Carl,N,N
VIC,ACP,Australian Conservatives,32102,THOMAS,Trent,N,N
WA,WAP,WESTERN AUSTRALIA PARTY,33368,THOMPSON,Bruce,N,N
NSW,FACN,FRASER ANNING'S CONSERVATIVE NATIONAL PARTY,32973,THOMSON,Carolyn,N,N
VIC,GVIC,The Greens (VIC),32317,THOMSON,Nakita,N,N
VIC,UAPP,United Australia Party,32262,THOOLEN,Catriona Cecilia,N,N
QLD,LNP,Liberal National Party of Queensland,33230,TOBIN,Nicole,N,N
NSW,RUA,Rise Up Australia Party,33418,TOOP,Leo,N,N
WA,FLUX,VOTEFLUX.ORG | Upgrade Democracy!,33516,TREASURE,Leo,N,N
NSW,APEP,Australian People's Party,33239,TSANGARIS,Susan,N,N
TAS,AJP,Animal Justice Party,32809,TURNER,Isobel Bertoz,N,N
VIC,LP,Liberal,33007,VAN,David,Y,N
ACT,FACN,FRASER ANNING'S CONSERVATIVE NATIONAL PARTY,33574,VAN DUREN,Shane,N,N
WA,GRN,The Greens (WA),32164,van GROOTEL,Jacqueline,N,N
VIC,ACP,Australian Conservatives,32100,VAN STRIJP,Nina,N,N
WA,ALP,Australian Labor Party,32957,VAUGHAN,Alison,N,N
QLD,DLP,Labour DLP,33291,VINCENT,Sheila Susan,N,N
NSW,TSBP,The Small Business Party,32112,VITHOULKAS,Angela,N,N
QLD,LAOL,Love Australia or Leave,33157,VUGA,Kim,N,N
NSW,IND,Independent,33665,WAGNER,Glenn,N,N
ACT,ALP,Australian Labor Party,32593,WAITES,Nancy,N,N
QLD,KAP,Katter's Australian Party (KAP),32541,WALLACE,Gregory John,N,N
WA,NMP,Health Australia Party,32706,WALLIS,Emily,N,N
VIC,ALP,Australian Labor Party,32127,WALSH,Jess,Y,N
ACT,UAPP,United Australia Party,32246,WALTER,Peter,N,N
VIC,SEP,Socialist Equality Party,32135,WARDLE,Jason John Bradley,N,N
QLD,ALP,Australian Labor Party,33052,WARRY,Christina,N,N
QLD,GRN,The Greens,33056,WATERS,Larissa,Y,Y
WA,GRN,The Greens (WA),32152,WATSON,Giz,N,N
VIC,SPP,Sustainable Australia,32369,WEARNE,Madeleine,N,N
QLD,KAP,Katter's Australian Party (KAP),32543,WEBB,Alan,N,N
QLD,AWP,Australian Workers Party,33633,WELLSTEAD,Kathleen,N,N
NSW,FACN,FRASER ANNING'S CONSERVATIVE NATIONAL PARTY,32978,WHARTON,Ian,N,N
QLD,IND,Independent,33082,WHARTON,Wayne,N,N
NT,FACN,FRASER ANNING'S CONSERVATIVE NATIONAL PARTY,33658,WHEELER,James David Richard,N,N
VIC,,,33585,WHITEHILL,Robert,N,N
QLD,PIR,Pirate Party,33579,WHITICKER,Miles,N,N
TAS,UAPP,United Australia Party,32489,WILLIAMS,David,N,N
TAS,JLN,Jacqui Lambie Network,32868,WILLIAMS,Glynn,N,N
VIC,AUD,Australian Democrats,32109,WILLIAMS,Marc,N,N
TAS,CEC,Citizens Electoral Council,32886,WILLIAMS,Ray,N,N
VIC,FACN,FRASER ANNING'S CONSERVATIVE NATIONAL PARTY,32522,WILLIAMSON,Benjamin,N,N
WA,IMO,Involuntary Medication Objectors (Vaccination/Fluoride) Party,32807,WILYMAN,Judy,N,N
VIC,ICAN,Independents For Climate Action Now,32472,WITTWER,Paul,N,N
NT,UAPP,United Australia Party,32849,WOLF,Michael J,N,N
QLD,IND,Independent,32081,WOODWARD,John,N,N
NSW,CDP,Christian Democratic Party (Fred Nile Group),33083,WRIGHT,Annie,N,N
QLD,LAOL,Love Australia or Leave,33168,WYATT,Gavin Albert,N,N
NSW,ACP,Australian Conservatives,32115,YORK,Sophie,N,N
NSW,FACN,FRASER ANNING'S CONSERVATIVE NATIONAL PARTY,32975,YOUNG,Gary,N,N
WA,AUC,Australian Christians,32430,YOUNG,Trevor,N,N
NSW,AAHP,Affordable Housing Party,32182,ZIEBELL,Anthony John,N,N
