2019 Federal Election Senate Votes By State [Event:24310 Phase:FinalResults Generated:2019-07-30T11:10:31 Cycle:02109509-c159-4199-88f6-389818be8a1c Created:2019-07-26T10:57:31 Environment:PROD Site:CANBERRA Server:TALLYROOM Version:10.7.17.56581]
StateAb,StateNm,Enrolment,OrdinaryVotes,AbsentVotes,ProvisionalVotes,PrePollVotes,PostalVotes,TotalVotes,TotalPercentage
NSW,New South Wales,5294468,4209014,204332,27717,186496,277913,4905472,92.65
VIC,Victoria,4184076,3136433,171484,21761,185219,381339,3896236,93.12
QLD,Queensland,3262898,2433629,119700,21031,118114,306898,2999372,91.92
WA,Western Australia,1646262,1196330,88960,14383,73316,124543,1497532,90.97
SA,South Australia,1210817,929361,54802,9571,34187,106635,1134556,93.7
TAS,Tasmania,385816,313365,12581,2122,9165,28039,365272,94.68
ACT,Australian Capital Territory,295847,244040,5602,1692,11682,13635,276651,93.51
NT,Northern Territory,139359,96318,2265,740,6038,3633,108994,78.21
