"url","electorate"
"https://ecsa.sa.gov.au/elections?view=article&id=392:adelaide-electoral-district-candidates&catid=12:elections","Adelaide"
"https://ecsa.sa.gov.au/elections?view=article&id=393:badcoe-electoral-district-candidates&catid=12:elections","Badcoe"
"https://ecsa.sa.gov.au/elections?view=article&id=394:black-electoral-district-candidates&catid=12:elections","Black"
"https://ecsa.sa.gov.au/elections?view=article&id=395:bragg-electoral-district-candidates&catid=12:elections","Bragg"
"https://ecsa.sa.gov.au/elections?view=article&id=396:chaffey-electoral-district-candidates&catid=12:elections","Chaffey"
"https://ecsa.sa.gov.au/elections?view=article&id=397:cheltenham-electoral-district-candidates&catid=12:elections","Cheltenham"
"https://ecsa.sa.gov.au/elections?view=article&id=398:colton-electoral-district-candidates&catid=12:elections","Colton"
"https://ecsa.sa.gov.au/elections?view=article&id=399:croydon-electoral-district-candidates&catid=12:elections","Croydon"
"https://ecsa.sa.gov.au/elections?view=article&id=400:davenport-electoral-district-candidates&catid=12:elections","Davenport"
"https://ecsa.sa.gov.au/elections?view=article&id=401:dunstan-electoral-district-candidates&catid=12:elections","Dunstan"
"https://ecsa.sa.gov.au/elections?view=article&id=402:elder-electoral-district-candidates&catid=12:elections","Elder"
"https://ecsa.sa.gov.au/elections?view=article&id=403:elizabeth-electoral-district-candidates&catid=12:elections","Elizabeth"
"https://ecsa.sa.gov.au/elections?view=article&id=404:enfield-electoral-district-candidates&catid=12:elections","Enfield"
"https://ecsa.sa.gov.au/elections?view=article&id=405:finniss-electoral-district-candidates&catid=12:elections","Finniss"
"https://ecsa.sa.gov.au/elections?view=article&id=406:flinders-electoral-district-candidates&catid=12:elections","Flinders"
"https://ecsa.sa.gov.au/elections?view=article&id=407:florey-electoral-district-candidates&catid=12:elections","Florey"
"https://ecsa.sa.gov.au/elections?view=article&id=408:frome-electoral-district-candidates&catid=12:elections","Frome"
"https://ecsa.sa.gov.au/elections?view=article&id=409:gibson-electoral-district-candidates&catid=12:elections","Gibson"
"https://ecsa.sa.gov.au/elections?view=article&id=410:giles-electoral-district-candidates&catid=12:elections","Giles"
"https://ecsa.sa.gov.au/elections?view=article&id=411:hammond-electoral-district-candidates&catid=12:elections","Hammond"
"https://ecsa.sa.gov.au/elections?view=article&id=412:hartley-electoral-district-candidates&catid=12:elections","Hartley"
"https://ecsa.sa.gov.au/elections?view=article&id=413:heysen-electoral-district-candidates&catid=12:elections","Heysen"
"https://ecsa.sa.gov.au/elections?view=article&id=414:hurtle-vale-electoral-district-candidates&catid=12:elections","Hurtle Vale"
"https://ecsa.sa.gov.au/elections?view=article&id=415:kaurna-electoral-district-candidates&catid=12:elections","Kaurna"
"https://ecsa.sa.gov.au/elections?view=article&id=416:kavel-electoral-district-candidates&catid=12:elections","Kavel"
"https://ecsa.sa.gov.au/elections?view=article&id=417:king-electoral-district-candidates&catid=12:elections","King"
"https://ecsa.sa.gov.au/elections?view=article&id=418:lee-electoral-district-candidates&catid=12:elections","Lee"
"https://ecsa.sa.gov.au/elections?view=article&id=419:light-electoral-district-candidates&catid=12:elections","Light"
"https://ecsa.sa.gov.au/elections?view=article&id=420:mackillop-electoral-district-candidates&catid=12:elections","MacKillop"
"https://ecsa.sa.gov.au/elections?view=article&id=421:mawson-electoral-district-candidates&catid=12:elections","Mawson"
"https://ecsa.sa.gov.au/elections/2022-state-election/candidates?view=article&id=422:morialta-electoral-district-candidates&catid=2:uncategorised","Morialta"
"https://ecsa.sa.gov.au/elections?view=article&id=423:morphett-electoral-district-candidates&catid=12:elections","Morphett"
"https://ecsa.sa.gov.au/elections?view=article&id=424:mount-gambier-electoral-district-candidates&catid=12:elections","Mount Gambier"
"https://ecsa.sa.gov.au/elections?view=article&id=425:narungga-electoral-district-candidates&catid=12:elections","Narungga"
"https://ecsa.sa.gov.au/elections?view=article&id=426:newland-electoral-district-candidates&catid=12:elections","Newland"
"https://ecsa.sa.gov.au/elections?view=article&id=427:playford-electoral-district-candidates&catid=12:elections","Playford"
"https://ecsa.sa.gov.au/elections?view=article&id=428:port-adelaide-electoral-district-candidates&catid=12:elections","Port Adelaide"
"https://ecsa.sa.gov.au/elections?view=article&id=429:ramsay-electoral-district-candidates&catid=12:elections","Ramsay"
"https://ecsa.sa.gov.au/elections?view=article&id=430:reynell-electoral-district-candidates&catid=12:elections","Reynell"
"https://ecsa.sa.gov.au/elections?view=article&id=431:schubert-electoral-district-candidates&catid=12:elections","Schubert"
"https://ecsa.sa.gov.au/elections?view=article&id=432:stuart-electoral-district-candidates&catid=12:elections","Stuart"
"https://ecsa.sa.gov.au/elections?view=article&id=433:taylor-electoral-district-candidates&catid=12:elections","Taylor"
"https://ecsa.sa.gov.au/elections?view=article&id=434:torrens-electoral-district-candidates&catid=12:elections","Torrens"
"https://ecsa.sa.gov.au/elections?view=article&id=435:unley-electoral-district-candidates&catid=12:elections","Unley"
"https://ecsa.sa.gov.au/elections?view=article&id=436:waite-electoral-district-candidates&catid=12:elections","Waite"
"https://ecsa.sa.gov.au/elections?view=article&id=437:west-torrens-electoral-district-candidates&catid=12:elections","West Torrens"
"https://ecsa.sa.gov.au/elections/2022-state-election/candidates?view=article&id=438:wright-electoral-district-candidates&catid=2:uncategorised","Wright"
