short,long
"LDP","Liberal Democrats less government more freedom"
"ALP","Australian Labor Party"
"AJP","Animal Justice Party"
"AFP","Aust Family Party"
"ASA","Advance SA"
"ONP","Pauline Hanson's One Nation"
"GRN","The Greens"
"NAT","The Nationals"
"SOC","SA Party - Stop Overdevelopment & Corruption"
"SAB","SA-BEST"
"LIB","Liberal Party"
"FFP","Family First"
"LCS","Legalise Cannabis South Australia Party"
"RC","Real Change SA"
"IND","Independent"
"IND","Independent Annabel Digance"
"IND","Independent Environment Heritage History"
"IND","Independent Belinda Valentine Team"
"IND","Independent Truth Accountability Responsibility"
"IND","Independent Defend Local Business"
"IND","Independent Prioritise Health"
"IND","Independent Prioitise Health"
"IND","Independent  Prioitise Health"
"IND","Independent  Prioritise Health"
"IND","Independent Dignity 4 Disabled"
"IND","Independent Local like you"
"IND","Independent for Finniss"
"IND","Independent Time for Change"
"IND","Independent Community Counts"
"IND","Independent Voice for Frome"
"IND","Independent Action and Integrity"
"IND","Independent Serving the Community"
"IND","Independent Healthcare Accountability Local"
"IND","Independent Working for You"
"IND","Independent Doing it Differently"
"IND","Independent Your Voice"
"IND","Independent People Animals Freedom"
"IND","Independent for Waite"
"IND","Independent Working for Waite"
